-- Data-only INSERTs generated from COPY blocks
SET standard_conforming_strings = on;
SET client_encoding = 'UTF8';
BEGIN;

-- Data for public.users (converted from COPY to INSERT)
INSERT INTO public.users (id, email, password_hash, full_name, role, status, last_login, created_at, updated_at) OVERRIDING SYSTEM VALUE VALUES ('7', 'alop.gregjohnpaulbscs2023@gmail.com', '$2y$12$L/LCYAYcBEfqhrSA4sNzs.rCbjoTgB44tYt1bOk00vkOTw5I.CWnm', 'Greg John Paul Alop', 'admin_assistant', 'active', '2025-09-10 09:20:15.905553', '2025-09-06 08:38:26.015537', '2025-09-10 09:20:15.905553') ON CONFLICT DO NOTHING;
INSERT INTO public.users (id, email, password_hash, full_name, role, status, last_login, created_at, updated_at) OVERRIDING SYSTEM VALUE VALUES ('8', 'velasco.raeneilbscs2023@gmail.com', '$2y$12$wLrJcTp0S.DSIIHVI3jAS.UtBD6GrmO2WtGRA0esPs28tEf.Tleva', 'Raeneil Velasco', 'hr', 'active', '2025-09-13 05:13:51.219766', '2025-09-06 14:27:21.564108', '2025-09-13 05:13:51.219766') ON CONFLICT DO NOTHING;
INSERT INTO public.users (id, email, password_hash, full_name, role, status, last_login, created_at, updated_at) OVERRIDING SYSTEM VALUE VALUES ('5', 'bobis.daniel.bscs2023@gmail.com', '$2y$12$goX/QKAN31cMPnCBEuXxk.q17inB.RgdQL2iJDZQRXnhxnMj5uX5K', 'Daniel Bobis', 'admin', 'active', '2025-09-06 06:48:01.566454', '2025-09-06 06:40:45.960789', '2025-09-06 06:48:01.566454') ON CONFLICT DO NOTHING;
INSERT INTO public.users (id, email, password_hash, full_name, role, status, last_login, created_at, updated_at) OVERRIDING SYSTEM VALUE VALUES ('15', 'sameniadastephenstevebscs2023@gmail.com', '$2y$12$ED/oO5FVZTBkFVSAe6ZAnuzKdcYZjE8jKGKsgej4xnVm8mhu4bsVW', 'Stephen Steve Sameniada', 'admin_assistant', 'active', '2025-09-17 13:49:02.713378', '2025-09-06 14:37:31.406841', '2025-09-17 13:49:02.713378') ON CONFLICT DO NOTHING;
INSERT INTO public.users (id, email, password_hash, full_name, role, status, last_login, created_at, updated_at) OVERRIDING SYSTEM VALUE VALUES ('10', 'detorres.karyllebscs2023@gmail.com', '$2y$12$tNOlVoGw2q3xwAB1zYbfu.LEdl8M.3xsoiPJjtZ9VPSwKLCEq.2uy', 'Karylle De Torres', 'hr_payroll', 'active', NULL, '2025-09-06 14:29:28.515009', '2025-09-06 14:29:28.515009') ON CONFLICT DO NOTHING;
INSERT INTO public.users (id, email, password_hash, full_name, role, status, last_login, created_at, updated_at) OVERRIDING SYSTEM VALUE VALUES ('1', 'admin@hrms.local', '$2y$12$M01fAq2rkNgfe8N/x9b1MuhVFGlH7IxT0/hGt0q.YBSRtkY1bzvGC', 'System Admin', 'admin', 'active', '2025-09-18 00:15:05.526165', '2025-09-05 15:37:39.621504', '2025-09-18 00:15:05.526165') ON CONFLICT DO NOTHING;
INSERT INTO public.users (id, email, password_hash, full_name, role, status, last_login, created_at, updated_at) OVERRIDING SYSTEM VALUE VALUES ('9', 'merto.markbscs2023@gmail.com', '$2y$12$cF29lUyIQBU7o0NzPv34RekFfj5vMshF/pJPz3Lz.B1O0WoNhJdQq', 'Mark Andrei Merto', 'hr_recruit', 'active', NULL, '2025-09-06 14:28:13.374294', '2025-09-06 14:30:25.871409') ON CONFLICT DO NOTHING;
INSERT INTO public.users (id, email, password_hash, full_name, role, status, last_login, created_at, updated_at) OVERRIDING SYSTEM VALUE VALUES ('11', 'bagaforo.jhoncarlosbscs2023@gmail.com', '$2y$12$oxY.ILDgQOIsVPaV/BwLVOMLOeEDdKId1eGLXXvHiqIkvch6gT2aK', 'Jhon Carlos Bagaforo', 'hr_payroll', 'active', NULL, '2025-09-06 14:32:19.779705', '2025-09-06 14:32:30.82528') ON CONFLICT DO NOTHING;
INSERT INTO public.users (id, email, password_hash, full_name, role, status, last_login, created_at, updated_at) OVERRIDING SYSTEM VALUE VALUES ('12', 'cueto.stephaniebscs2023@gmail.com', '$2y$12$QOP/MPndv/DIXqQgF9E7lOHu.P/4JecdZDcZfAZuJXhiI1R9Fzih.', 'Stephanie Cueto', 'hr_supervisor', 'active', NULL, '2025-09-06 14:34:10.057212', '2025-09-06 14:34:10.057212') ON CONFLICT DO NOTHING;
INSERT INTO public.users (id, email, password_hash, full_name, role, status, last_login, created_at, updated_at) OVERRIDING SYSTEM VALUE VALUES ('13', 'Buban.markjosephbscs2023@gmail.com', '$2y$12$m9HiZXtW4hXLFtN3Gpym.Oy.qpp4qgA/fB9yG4cvUMv/iaMI7CMW6', 'Mark Joseph Buban', 'hr_recruit', 'active', NULL, '2025-09-06 14:35:08.83682', '2025-09-06 14:35:15.697915') ON CONFLICT DO NOTHING;
INSERT INTO public.users (id, email, password_hash, full_name, role, status, last_login, created_at, updated_at) OVERRIDING SYSTEM VALUE VALUES ('14', 'bigayan.markclent.bscs2023@gmail.com', '$2y$12$VZGyNeefCYS/a/9Y1vgc3eVEpQfLf.N6jc20VnT2EzOjQQhDNuY1a', 'Mark Clent Bigayan', 'hr_payroll', 'active', NULL, '2025-09-06 14:36:18.128757', '2025-09-06 14:36:18.128757') ON CONFLICT DO NOTHING;
INSERT INTO public.users (id, email, password_hash, full_name, role, status, last_login, created_at, updated_at) OVERRIDING SYSTEM VALUE VALUES ('6', 'pereyra.geroearlbscs2023@gmail.com', '$2y$12$gMfBWfG.krN1vE4Icb9iz.PhMMOZsJddb43x8rSGcvUTZgh9ZHJiG', 'Gero Earl Pereyra', 'admin_assistant', 'active', '2025-09-18 00:20:13.749071', '2025-09-06 08:25:07.798349', '2025-09-18 00:20:13.749071') ON CONFLICT DO NOTHING;

-- Data for public.departments (converted from COPY to INSERT)
INSERT INTO public.departments (id, name, description, created_at, updated_at) OVERRIDING SYSTEM VALUE VALUES ('1', 'IT Department', '', '2025-09-05 15:53:29.666715', '2025-09-05 15:53:29.666715') ON CONFLICT DO NOTHING;
INSERT INTO public.departments (id, name, description, created_at, updated_at) OVERRIDING SYSTEM VALUE VALUES ('2', 'HR Department', '', '2025-09-06 06:22:46.957143', '2025-09-06 06:22:46.957143') ON CONFLICT DO NOTHING;
INSERT INTO public.departments (id, name, description, created_at, updated_at) OVERRIDING SYSTEM VALUE VALUES ('4', 'Operation Management', '', '2025-09-06 06:24:42.192104', '2025-09-06 06:24:42.192104') ON CONFLICT DO NOTHING;
INSERT INTO public.departments (id, name, description, created_at, updated_at) OVERRIDING SYSTEM VALUE VALUES ('3', 'Engineering Department', '', '2025-09-06 06:23:22.97946', '2025-09-06 06:28:00.617926') ON CONFLICT DO NOTHING;
INSERT INTO public.departments (id, name, description, created_at, updated_at) OVERRIDING SYSTEM VALUE VALUES ('5', 'Accounting Department', '', '2025-09-06 06:48:22.143479', '2025-09-06 06:48:22.143479') ON CONFLICT DO NOTHING;

-- Data for public.positions (converted from COPY to INSERT)
INSERT INTO public.positions (id, department_id, name, description, base_salary, created_at, updated_at) OVERRIDING SYSTEM VALUE VALUES ('1', '1', 'System Administrator', '', '20000.00', '2025-09-05 15:58:00.4422', '2025-09-05 15:58:00.4422') ON CONFLICT DO NOTHING;
INSERT INTO public.positions (id, department_id, name, description, base_salary, created_at, updated_at) OVERRIDING SYSTEM VALUE VALUES ('2', '2', 'HR Supervisor', '', '30000.00', '2025-09-06 06:25:15.440834', '2025-09-06 06:25:15.440834') ON CONFLICT DO NOTHING;
INSERT INTO public.positions (id, department_id, name, description, base_salary, created_at, updated_at) OVERRIDING SYSTEM VALUE VALUES ('3', '2', 'HR Payroll', '', '25000.00', '2025-09-06 06:25:33.095783', '2025-09-06 06:25:33.095783') ON CONFLICT DO NOTHING;
INSERT INTO public.positions (id, department_id, name, description, base_salary, created_at, updated_at) OVERRIDING SYSTEM VALUE VALUES ('5', '1', 'System Administrator Assistant', '', '30000.00', '2025-09-06 06:27:01.493919', '2025-09-06 06:27:01.493919') ON CONFLICT DO NOTHING;
INSERT INTO public.positions (id, department_id, name, description, base_salary, created_at, updated_at) OVERRIDING SYSTEM VALUE VALUES ('4', '2', 'HR Hiring', '', '20000.00', '2025-09-06 06:25:49.131549', '2025-09-06 06:27:12.250805') ON CONFLICT DO NOTHING;

-- Data for public.employees (converted from COPY to INSERT)
INSERT INTO public.employees (id, user_id, employee_code, first_name, last_name, email, phone, address, department_id, position_id, hire_date, employment_type, status, salary, created_at, updated_at) OVERRIDING SYSTEM VALUE VALUES ('1', '5', 'IT001', 'Daniel', 'Bobis', 'bobis.daniel.bscs2023@gmail.com', '9000000000', 'caloocan city', '1', '1', '2025-09-05', 'regular', 'active', '50000.00', '2025-09-05 15:57:42.961665', '2025-09-06 06:40:45.960789') ON CONFLICT DO NOTHING;
INSERT INTO public.employees (id, user_id, employee_code, first_name, last_name, email, phone, address, department_id, position_id, hire_date, employment_type, status, salary, created_at, updated_at) OVERRIDING SYSTEM VALUE VALUES ('2', '6', 'IT002', 'Gero Earl', 'Pereyra', 'pereyra.geroearlbscs2023@gmail.com', '09123456789', 'Caloocan City', '1', '5', '2025-09-06', 'regular', 'active', '100000.00', '2025-09-06 08:22:37.087139', '2025-09-06 08:25:07.798349') ON CONFLICT DO NOTHING;
INSERT INTO public.employees (id, user_id, employee_code, first_name, last_name, email, phone, address, department_id, position_id, hire_date, employment_type, status, salary, created_at, updated_at) OVERRIDING SYSTEM VALUE VALUES ('3', '7', 'IT003', 'Greg John Paul', 'Alop', 'alop.gregjohnpaulbscs2023@gmail.com', '09123456789', 'Caloocan', '1', '5', '2025-09-06', 'regular', 'active', '100000.00', '2025-09-06 08:36:01.403504', '2025-09-06 08:38:26.015537') ON CONFLICT DO NOTHING;
INSERT INTO public.employees (id, user_id, employee_code, first_name, last_name, email, phone, address, department_id, position_id, hire_date, employment_type, status, salary, created_at, updated_at) OVERRIDING SYSTEM VALUE VALUES ('4', '8', 'HR001', 'Raeneil', 'Velasco', 'velasco.raeneilbscs2023@gmail.com', '09123456789', 'Caloocan City', '2', '4', '2025-09-06', 'regular', 'active', '100000.00', '2025-09-06 14:27:01.057678', '2025-09-06 14:27:21.564108') ON CONFLICT DO NOTHING;
INSERT INTO public.employees (id, user_id, employee_code, first_name, last_name, email, phone, address, department_id, position_id, hire_date, employment_type, status, salary, created_at, updated_at) OVERRIDING SYSTEM VALUE VALUES ('5', '9', 'HR002', 'Mark Andrei', 'Merto', 'merto.markbscs2023@gmail.com', '09123456789', 'Caloocan', '2', '4', '2025-09-06', 'regular', 'active', '100000.00', '2025-09-06 14:28:03.519603', '2025-09-06 14:28:13.374294') ON CONFLICT DO NOTHING;
INSERT INTO public.employees (id, user_id, employee_code, first_name, last_name, email, phone, address, department_id, position_id, hire_date, employment_type, status, salary, created_at, updated_at) OVERRIDING SYSTEM VALUE VALUES ('6', '10', 'HR003', 'Karylle', 'De Torres', 'detorres.karyllebscs2023@gmail.com', '09123456789', 'Caloocan City', '2', '3', '2025-09-06', 'regular', 'active', '0.00', '2025-09-06 14:29:12.061286', '2025-09-06 14:29:28.515009') ON CONFLICT DO NOTHING;
INSERT INTO public.employees (id, user_id, employee_code, first_name, last_name, email, phone, address, department_id, position_id, hire_date, employment_type, status, salary, created_at, updated_at) OVERRIDING SYSTEM VALUE VALUES ('7', '11', 'HR004', 'Jhon Carlos', 'Bagaforo', 'bagaforo.jhoncarlosbscs2023@gmail.com', '091234546789', 'Caloocan City', '2', '3', '2025-09-06', 'regular', 'active', '0.00', '2025-09-06 14:31:19.468284', '2025-09-06 14:32:19.779705') ON CONFLICT DO NOTHING;
INSERT INTO public.employees (id, user_id, employee_code, first_name, last_name, email, phone, address, department_id, position_id, hire_date, employment_type, status, salary, created_at, updated_at) OVERRIDING SYSTEM VALUE VALUES ('8', '12', 'HR005', 'Stephanie', 'Cueto', 'cueto.stephaniebscs2023@gmail.com', '09123456789', 'Caloocan City', '2', '2', '2025-09-06', 'regular', 'active', '100000.00', '2025-09-06 14:33:55.382594', '2025-09-06 14:34:10.057212') ON CONFLICT DO NOTHING;
INSERT INTO public.employees (id, user_id, employee_code, first_name, last_name, email, phone, address, department_id, position_id, hire_date, employment_type, status, salary, created_at, updated_at) OVERRIDING SYSTEM VALUE VALUES ('9', '13', 'HR006', 'Mark Joseph', 'Buban', 'Buban.markjosephbscs2023@gmail.com', '09123456789', 'Caloocan City', '2', '4', '2025-09-06', 'regular', 'active', '0.00', '2025-09-06 14:34:56.912585', '2025-09-06 14:35:08.83682') ON CONFLICT DO NOTHING;
INSERT INTO public.employees (id, user_id, employee_code, first_name, last_name, email, phone, address, department_id, position_id, hire_date, employment_type, status, salary, created_at, updated_at) OVERRIDING SYSTEM VALUE VALUES ('10', '14', 'HR007', 'Mark Clent', 'Bigayan', 'bigayan.markclent.bscs2023@gmail.com', '09123456789', 'Caloocan City', '2', '3', '2025-09-06', 'regular', 'active', '0.00', '2025-09-06 14:36:07.154623', '2025-09-06 14:36:18.128757') ON CONFLICT DO NOTHING;
INSERT INTO public.employees (id, user_id, employee_code, first_name, last_name, email, phone, address, department_id, position_id, hire_date, employment_type, status, salary, created_at, updated_at) OVERRIDING SYSTEM VALUE VALUES ('11', '15', 'IT004', 'Stephen Steve', 'Sameniada', 'sameniadastephenstevebscs2023@gmail.com', '09123456879', 'Caloocan City', '1', '5', '2025-09-06', 'regular', 'active', '0.00', '2025-09-06 14:37:19.190523', '2025-09-06 14:37:31.406841') ON CONFLICT DO NOTHING;

-- Data for public.recruitment (converted from COPY to INSERT)
INSERT INTO public.recruitment (id, full_name, email, phone, position_applied, template_id, converted_employee_id, resume_path, status, notes, created_at, updated_at) OVERRIDING SYSTEM VALUE VALUES ('1', 'CJ Villarba', 'cjvillarba1980@gmail.com', '', 'HR', NULL, NULL, NULL, 'new', NULL, '2025-09-18 00:31:53.259717', '2025-09-18 00:31:53.259717') ON CONFLICT DO NOTHING;

-- Data for public.audit_logs (converted from COPY to INSERT)
INSERT INTO public.audit_logs (id, user_id, action, details, created_at, updated_at, details_raw) OVERRIDING SYSTEM VALUE VALUES ('2', '1', 'login', 'User logged in', '2025-09-05 15:38:50.993509', '2025-09-06 07:05:50.479594', 'User logged in') ON CONFLICT DO NOTHING;
INSERT INTO public.audit_logs (id, user_id, action, details, created_at, updated_at, details_raw) OVERRIDING SYSTEM VALUE VALUES ('3', '1', 'create_department', 'IT Department', '2025-09-05 15:53:29.668906', '2025-09-06 07:05:50.479594', 'IT Department') ON CONFLICT DO NOTHING;
INSERT INTO public.audit_logs (id, user_id, action, details, created_at, updated_at, details_raw) OVERRIDING SYSTEM VALUE VALUES ('4', '1', 'create_employee', 'IT001 Daniel Bobis', '2025-09-05 15:57:42.964331', '2025-09-06 07:05:50.479594', 'IT001 Daniel Bobis') ON CONFLICT DO NOTHING;
INSERT INTO public.audit_logs (id, user_id, action, details, created_at, updated_at, details_raw) OVERRIDING SYSTEM VALUE VALUES ('5', '1', 'create_position', 'System Administrator', '2025-09-05 15:58:00.44492', '2025-09-06 07:05:50.479594', 'System Administrator') ON CONFLICT DO NOTHING;
INSERT INTO public.audit_logs (id, user_id, action, details, created_at, updated_at, details_raw) OVERRIDING SYSTEM VALUE VALUES ('6', '1', 'login', 'User logged in', '2025-09-05 16:18:25.757884', '2025-09-06 07:05:50.479594', 'User logged in') ON CONFLICT DO NOTHING;
INSERT INTO public.audit_logs (id, user_id, action, details, created_at, updated_at, details_raw) OVERRIDING SYSTEM VALUE VALUES ('9', '1', 'login', 'User logged in', '2025-09-05 16:25:00.794955', '2025-09-06 07:05:50.479594', 'User logged in') ON CONFLICT DO NOTHING;
INSERT INTO public.audit_logs (id, user_id, action, details, created_at, updated_at, details_raw) OVERRIDING SYSTEM VALUE VALUES ('11', '1', 'login', 'User logged in', '2025-09-05 16:27:37.895529', '2025-09-06 07:05:50.479594', 'User logged in') ON CONFLICT DO NOTHING;
INSERT INTO public.audit_logs (id, user_id, action, details, created_at, updated_at, details_raw) OVERRIDING SYSTEM VALUE VALUES ('12', NULL, 'login.failed', 'Failed login for alop.gregjohnpaulbscs2023@gmail.com', '2025-09-05 16:29:58.170655', '2025-09-06 07:05:50.479594', 'Failed login for alop.gregjohnpaulbscs2023@gmail.com') ON CONFLICT DO NOTHING;
INSERT INTO public.audit_logs (id, user_id, action, details, created_at, updated_at, details_raw) OVERRIDING SYSTEM VALUE VALUES ('13', NULL, 'login.failed', 'Failed login for alop.gregjohnpaulbscs2023@gmail.com', '2025-09-05 16:30:00.067222', '2025-09-06 07:05:50.479594', 'Failed login for alop.gregjohnpaulbscs2023@gmail.com') ON CONFLICT DO NOTHING;
INSERT INTO public.audit_logs (id, user_id, action, details, created_at, updated_at, details_raw) OVERRIDING SYSTEM VALUE VALUES ('14', NULL, 'login.failed', 'Failed login for alop.gregjohnpaulbscs2023@gmail.com', '2025-09-05 16:30:03.933379', '2025-09-06 07:05:50.479594', 'Failed login for alop.gregjohnpaulbscs2023@gmail.com') ON CONFLICT DO NOTHING;
INSERT INTO public.audit_logs (id, user_id, action, details, created_at, updated_at, details_raw) OVERRIDING SYSTEM VALUE VALUES ('15', NULL, 'login.failed', 'Failed login for alop.gregjohnpaulbscs2023@gmail.com', '2025-09-05 16:30:05.258864', '2025-09-06 07:05:50.479594', 'Failed login for alop.gregjohnpaulbscs2023@gmail.com') ON CONFLICT DO NOTHING;
INSERT INTO public.audit_logs (id, user_id, action, details, created_at, updated_at, details_raw) OVERRIDING SYSTEM VALUE VALUES ('16', NULL, 'login.failed', 'Failed login for alop.gregjohnpaulbscs2023@gmail.com', '2025-09-05 16:30:12.227041', '2025-09-06 07:05:50.479594', 'Failed login for alop.gregjohnpaulbscs2023@gmail.com') ON CONFLICT DO NOTHING;
INSERT INTO public.audit_logs (id, user_id, action, details, created_at, updated_at, details_raw) OVERRIDING SYSTEM VALUE VALUES ('17', '1', 'login', 'User logged in', '2025-09-05 16:34:46.183828', '2025-09-06 07:05:50.479594', 'User logged in') ON CONFLICT DO NOTHING;
INSERT INTO public.audit_logs (id, user_id, action, details, created_at, updated_at, details_raw) OVERRIDING SYSTEM VALUE VALUES ('18', '1', 'login', 'User logged in', '2025-09-05 16:41:47.751144', '2025-09-06 07:05:50.479594', 'User logged in') ON CONFLICT DO NOTHING;
INSERT INTO public.audit_logs (id, user_id, action, details, created_at, updated_at, details_raw) OVERRIDING SYSTEM VALUE VALUES ('19', '1', 'login', 'User logged in', '2025-09-05 16:41:58.543846', '2025-09-06 07:05:50.479594', 'User logged in') ON CONFLICT DO NOTHING;
INSERT INTO public.audit_logs (id, user_id, action, details, created_at, updated_at, details_raw) OVERRIDING SYSTEM VALUE VALUES ('20', '1', 'login', 'User logged in', '2025-09-05 17:01:51.860919', '2025-09-06 07:05:50.479594', 'User logged in') ON CONFLICT DO NOTHING;
INSERT INTO public.audit_logs (id, user_id, action, details, created_at, updated_at, details_raw) OVERRIDING SYSTEM VALUE VALUES ('21', '1', 'login', 'User logged in', '2025-09-06 05:54:22.413138', '2025-09-06 07:05:50.479594', 'User logged in') ON CONFLICT DO NOTHING;
INSERT INTO public.audit_logs (id, user_id, action, details, created_at, updated_at, details_raw) OVERRIDING SYSTEM VALUE VALUES ('22', '1', 'export_pdf', 'positions', '2025-09-06 05:57:47.084472', '2025-09-06 07:05:50.479594', 'positions') ON CONFLICT DO NOTHING;
INSERT INTO public.audit_logs (id, user_id, action, details, created_at, updated_at, details_raw) OVERRIDING SYSTEM VALUE VALUES ('23', '1', 'export_pdf', 'positions', '2025-09-06 05:57:48.105214', '2025-09-06 07:05:50.479594', 'positions') ON CONFLICT DO NOTHING;
INSERT INTO public.audit_logs (id, user_id, action, details, created_at, updated_at, details_raw) OVERRIDING SYSTEM VALUE VALUES ('7', '1', 'create_account', '{"user_id":3}', '2025-09-05 16:21:34.881486', '2025-09-06 07:05:50.753103', 'user_id=3') ON CONFLICT DO NOTHING;
INSERT INTO public.audit_logs (id, user_id, action, details, created_at, updated_at, details_raw) OVERRIDING SYSTEM VALUE VALUES ('8', '1', 'delete_account', '{"user_id":3}', '2025-09-05 16:21:49.349219', '2025-09-06 07:05:50.753103', 'user_id=3') ON CONFLICT DO NOTHING;
INSERT INTO public.audit_logs (id, user_id, action, details, created_at, updated_at, details_raw) OVERRIDING SYSTEM VALUE VALUES ('10', '1', 'create_account', '{"user_id":4}', '2025-09-05 16:27:08.767149', '2025-09-06 07:05:50.753103', 'user_id=4') ON CONFLICT DO NOTHING;
INSERT INTO public.audit_logs (id, user_id, action, details, created_at, updated_at, details_raw) OVERRIDING SYSTEM VALUE VALUES ('24', '1', 'update_access_permissions', '{"user_id":4}', '2025-09-06 05:59:08.208553', '2025-09-06 07:05:50.753103', 'user_id=4') ON CONFLICT DO NOTHING;
INSERT INTO public.audit_logs (id, user_id, action, details, created_at, updated_at, details_raw) OVERRIDING SYSTEM VALUE VALUES ('25', '1', 'login', 'User logged in', '2025-09-06 06:08:10.254763', '2025-09-06 07:05:50.479594', 'User logged in') ON CONFLICT DO NOTHING;
INSERT INTO public.audit_logs (id, user_id, action, details, created_at, updated_at, details_raw) OVERRIDING SYSTEM VALUE VALUES ('26', '1', 'login', 'User logged in', '2025-09-06 06:12:16.363934', '2025-09-06 07:05:50.479594', 'User logged in') ON CONFLICT DO NOTHING;
INSERT INTO public.audit_logs (id, user_id, action, details, created_at, updated_at, details_raw) OVERRIDING SYSTEM VALUE VALUES ('27', '1', 'login', 'User logged in', '2025-09-06 06:16:54.594035', '2025-09-06 07:05:50.479594', 'User logged in') ON CONFLICT DO NOTHING;
INSERT INTO public.audit_logs (id, user_id, action, details, created_at, updated_at, details_raw) OVERRIDING SYSTEM VALUE VALUES ('29', '1', 'login', 'User logged in', '2025-09-06 06:19:43.938344', '2025-09-06 07:05:50.479594', 'User logged in') ON CONFLICT DO NOTHING;
INSERT INTO public.audit_logs (id, user_id, action, details, created_at, updated_at, details_raw) OVERRIDING SYSTEM VALUE VALUES ('30', '1', 'create_department', 'HR Department', '2025-09-06 06:22:46.959377', '2025-09-06 07:05:50.479594', 'HR Department') ON CONFLICT DO NOTHING;
INSERT INTO public.audit_logs (id, user_id, action, details, created_at, updated_at, details_raw) OVERRIDING SYSTEM VALUE VALUES ('31', '1', 'create_department', 'Engineering Departmet', '2025-09-06 06:23:22.981535', '2025-09-06 07:05:50.479594', 'Engineering Departmet') ON CONFLICT DO NOTHING;
INSERT INTO public.audit_logs (id, user_id, action, details, created_at, updated_at, details_raw) OVERRIDING SYSTEM VALUE VALUES ('32', '1', 'create_department', 'Operation Management', '2025-09-06 06:24:42.193901', '2025-09-06 07:05:50.479594', 'Operation Management') ON CONFLICT DO NOTHING;
INSERT INTO public.audit_logs (id, user_id, action, details, created_at, updated_at, details_raw) OVERRIDING SYSTEM VALUE VALUES ('33', '1', 'create_position', 'HR Supervisor', '2025-09-06 06:25:15.442887', '2025-09-06 07:05:50.479594', 'HR Supervisor') ON CONFLICT DO NOTHING;
INSERT INTO public.audit_logs (id, user_id, action, details, created_at, updated_at, details_raw) OVERRIDING SYSTEM VALUE VALUES ('34', '1', 'create_position', 'HR Payroll', '2025-09-06 06:25:33.097783', '2025-09-06 07:05:50.479594', 'HR Payroll') ON CONFLICT DO NOTHING;
INSERT INTO public.audit_logs (id, user_id, action, details, created_at, updated_at, details_raw) OVERRIDING SYSTEM VALUE VALUES ('35', '1', 'create_position', 'HR Hiring', '2025-09-06 06:25:49.133486', '2025-09-06 07:05:50.479594', 'HR Hiring') ON CONFLICT DO NOTHING;
INSERT INTO public.audit_logs (id, user_id, action, details, created_at, updated_at, details_raw) OVERRIDING SYSTEM VALUE VALUES ('36', '1', 'create_position', 'System Administrator Assistant', '2025-09-06 06:27:01.496952', '2025-09-06 07:05:50.479594', 'System Administrator Assistant') ON CONFLICT DO NOTHING;
INSERT INTO public.audit_logs (id, user_id, action, details, created_at, updated_at, details_raw) OVERRIDING SYSTEM VALUE VALUES ('37', '1', 'update_position', 'HR Hiring', '2025-09-06 06:27:12.253566', '2025-09-06 07:05:50.479594', 'HR Hiring') ON CONFLICT DO NOTHING;
INSERT INTO public.audit_logs (id, user_id, action, details, created_at, updated_at, details_raw) OVERRIDING SYSTEM VALUE VALUES ('39', '1', 'login', '{"event":"login","ip":"136.158.42.116","ua":"Mozilla/5.0 (Windows NT 10.0; Win64; x64) AppleWebKit/537.36 (KHTML, like Gecko) Chrome/139.0.0.0 Safari/537.36"}', '2025-09-06 06:39:27.360572', '2025-09-06 07:05:50.479594', '{"event":"login","ip":"136.158.42.116","ua":"Mozilla/5.0 (Windows NT 10.0; Win64; x64) AppleWebKit/537.36 (KHTML, like Gecko) Chrome/139.0.0.0 Safari/537.36"}') ON CONFLICT DO NOTHING;
INSERT INTO public.audit_logs (id, user_id, action, details, created_at, updated_at, details_raw) OVERRIDING SYSTEM VALUE VALUES ('40', '1', 'update_employee', 'IT001', '2025-09-06 06:40:17.458559', '2025-09-06 07:05:50.479594', 'IT001') ON CONFLICT DO NOTHING;
INSERT INTO public.audit_logs (id, user_id, action, details, created_at, updated_at, details_raw) OVERRIDING SYSTEM VALUE VALUES ('42', '5', 'login', '{"event":"login","ip":"136.158.42.116","ua":"Mozilla/5.0 (Windows NT 10.0; Win64; x64) AppleWebKit/537.36 (KHTML, like Gecko) Chrome/139.0.0.0 Safari/537.36"}', '2025-09-06 06:41:01.713209', '2025-09-06 07:05:50.479594', '{"event":"login","ip":"136.158.42.116","ua":"Mozilla/5.0 (Windows NT 10.0; Win64; x64) AppleWebKit/537.36 (KHTML, like Gecko) Chrome/139.0.0.0 Safari/537.36"}') ON CONFLICT DO NOTHING;
INSERT INTO public.audit_logs (id, user_id, action, details, created_at, updated_at, details_raw) OVERRIDING SYSTEM VALUE VALUES ('43', '1', 'logout', 'User logged out', '2025-09-06 06:44:38.200371', '2025-09-06 07:05:50.479594', 'User logged out') ON CONFLICT DO NOTHING;
INSERT INTO public.audit_logs (id, user_id, action, details, created_at, updated_at, details_raw) OVERRIDING SYSTEM VALUE VALUES ('44', '1', 'login', '{"event":"login","ip":"136.158.42.116","ua":"Mozilla/5.0 (Windows NT 10.0; Win64; x64) AppleWebKit/537.36 (KHTML, like Gecko) Chrome/139.0.0.0 Safari/537.36"}', '2025-09-06 06:44:41.516411', '2025-09-06 07:05:50.479594', '{"event":"login","ip":"136.158.42.116","ua":"Mozilla/5.0 (Windows NT 10.0; Win64; x64) AppleWebKit/537.36 (KHTML, like Gecko) Chrome/139.0.0.0 Safari/537.36"}') ON CONFLICT DO NOTHING;
INSERT INTO public.audit_logs (id, user_id, action, details, created_at, updated_at, details_raw) OVERRIDING SYSTEM VALUE VALUES ('45', '1', 'login', '{"event":"login","ip":"136.158.42.116","ua":"Mozilla/5.0 (Windows NT 10.0; Win64; x64) AppleWebKit/537.36 (KHTML, like Gecko) Chrome/139.0.0.0 Safari/537.36"}', '2025-09-06 06:47:25.06056', '2025-09-06 07:05:50.479594', '{"event":"login","ip":"136.158.42.116","ua":"Mozilla/5.0 (Windows NT 10.0; Win64; x64) AppleWebKit/537.36 (KHTML, like Gecko) Chrome/139.0.0.0 Safari/537.36"}') ON CONFLICT DO NOTHING;
INSERT INTO public.audit_logs (id, user_id, action, details, created_at, updated_at, details_raw) OVERRIDING SYSTEM VALUE VALUES ('46', '5', 'login', '{"event":"login","ip":"136.158.42.116","ua":"Mozilla/5.0 (Windows NT 10.0; Win64; x64) AppleWebKit/537.36 (KHTML, like Gecko) Chrome/139.0.0.0 Safari/537.36"}', '2025-09-06 06:48:01.569458', '2025-09-06 07:05:50.479594', '{"event":"login","ip":"136.158.42.116","ua":"Mozilla/5.0 (Windows NT 10.0; Win64; x64) AppleWebKit/537.36 (KHTML, like Gecko) Chrome/139.0.0.0 Safari/537.36"}') ON CONFLICT DO NOTHING;
INSERT INTO public.audit_logs (id, user_id, action, details, created_at, updated_at, details_raw) OVERRIDING SYSTEM VALUE VALUES ('47', '5', 'create_department', 'Accounting Department', '2025-09-06 06:48:22.146848', '2025-09-06 07:05:50.479594', 'Accounting Department') ON CONFLICT DO NOTHING;
INSERT INTO public.audit_logs (id, user_id, action, details, created_at, updated_at, details_raw) OVERRIDING SYSTEM VALUE VALUES ('48', '1', 'view_roles', '{"module":"roles","status":"success","meta":{}}', '2025-09-06 06:48:51.725115', '2025-09-06 07:05:50.479594', '{"module":"roles","status":"success","meta":{}}') ON CONFLICT DO NOTHING;
INSERT INTO public.audit_logs (id, user_id, action, details, created_at, updated_at, details_raw) OVERRIDING SYSTEM VALUE VALUES ('49', '1', 'view_roles', '{"module":"roles","status":"success","meta":{}}', '2025-09-06 06:50:14.653695', '2025-09-06 07:05:50.479594', '{"module":"roles","status":"success","meta":{}}') ON CONFLICT DO NOTHING;
INSERT INTO public.audit_logs (id, user_id, action, details, created_at, updated_at, details_raw) OVERRIDING SYSTEM VALUE VALUES ('50', '1', 'view_roles', '{"module":"roles","status":"success","meta":{}}', '2025-09-06 06:52:13.849516', '2025-09-06 07:05:50.479594', '{"module":"roles","status":"success","meta":{}}') ON CONFLICT DO NOTHING;
INSERT INTO public.audit_logs (id, user_id, action, details, created_at, updated_at, details_raw) OVERRIDING SYSTEM VALUE VALUES ('51', '1', 'login', '{"event":"login","ip":"136.158.42.116","ua":"Mozilla/5.0 (Windows NT 10.0; Win64; x64) AppleWebKit/537.36 (KHTML, like Gecko) Chrome/139.0.0.0 Safari/537.36"}', '2025-09-06 06:57:11.07432', '2025-09-06 07:05:50.479594', '{"event":"login","ip":"136.158.42.116","ua":"Mozilla/5.0 (Windows NT 10.0; Win64; x64) AppleWebKit/537.36 (KHTML, like Gecko) Chrome/139.0.0.0 Safari/537.36"}') ON CONFLICT DO NOTHING;
INSERT INTO public.audit_logs (id, user_id, action, details, created_at, updated_at, details_raw) OVERRIDING SYSTEM VALUE VALUES ('53', '1', 'view_roles', '{"module":"roles","status":"success","meta":{}}', '2025-09-06 07:02:38.237351', '2025-09-06 07:05:50.479594', '{"module":"roles","status":"success","meta":{}}') ON CONFLICT DO NOTHING;
INSERT INTO public.audit_logs (id, user_id, action, details, created_at, updated_at, details_raw) OVERRIDING SYSTEM VALUE VALUES ('28', '1', 'delete_account', '{"user_id":4}', '2025-09-06 06:17:14.985036', '2025-09-06 07:05:50.753103', 'user_id=4') ON CONFLICT DO NOTHING;
INSERT INTO public.audit_logs (id, user_id, action, details, created_at, updated_at, details_raw) OVERRIDING SYSTEM VALUE VALUES ('38', '1', 'update_department', '{"id":3}', '2025-09-06 06:28:00.620473', '2025-09-06 07:05:50.753103', 'id=3') ON CONFLICT DO NOTHING;
INSERT INTO public.audit_logs (id, user_id, action, details, created_at, updated_at, details_raw) OVERRIDING SYSTEM VALUE VALUES ('41', '1', 'create_account', '{"user_id":5}', '2025-09-06 06:40:46.201906', '2025-09-06 07:05:50.753103', 'user_id=5') ON CONFLICT DO NOTHING;
INSERT INTO public.audit_logs (id, user_id, action, details, created_at, updated_at, details_raw) OVERRIDING SYSTEM VALUE VALUES ('52', '1', 'apply_role_defaults', '{"user_id":5}', '2025-09-06 07:01:03.919586', '2025-09-06 07:05:50.753103', 'user_id=5') ON CONFLICT DO NOTHING;
INSERT INTO public.audit_logs (id, user_id, action, details, created_at, updated_at, details_raw) OVERRIDING SYSTEM VALUE VALUES ('54', '1', 'login', '{"event":"login","ip":"136.158.42.116","ua":"Mozilla/5.0 (Windows NT 10.0; Win64; x64) AppleWebKit/537.36 (KHTML, like Gecko) Chrome/139.0.0.0 Safari/537.36"}', '2025-09-06 07:07:40.68703', '2025-09-06 07:07:40.68703', NULL) ON CONFLICT DO NOTHING;
INSERT INTO public.audit_logs (id, user_id, action, details, created_at, updated_at, details_raw) OVERRIDING SYSTEM VALUE VALUES ('55', '1', 'update_access_permissions', 'user_id=1', '2025-09-06 07:08:19.149826', '2025-09-06 07:08:19.149826', NULL) ON CONFLICT DO NOTHING;
INSERT INTO public.audit_logs (id, user_id, action, details, created_at, updated_at, details_raw) OVERRIDING SYSTEM VALUE VALUES ('56', '1', 'update_access_permissions', '{"module":"account","status":"success","meta":{"user_id":1}}', '2025-09-06 07:08:19.152572', '2025-09-06 07:08:19.152572', NULL) ON CONFLICT DO NOTHING;
INSERT INTO public.audit_logs (id, user_id, action, details, created_at, updated_at, details_raw) OVERRIDING SYSTEM VALUE VALUES ('57', '1', 'apply_role_defaults', 'user_id=1', '2025-09-06 07:08:24.36258', '2025-09-06 07:08:24.36258', NULL) ON CONFLICT DO NOTHING;
INSERT INTO public.audit_logs (id, user_id, action, details, created_at, updated_at, details_raw) OVERRIDING SYSTEM VALUE VALUES ('58', '1', 'apply_role_defaults', '{"module":"account","status":"success","meta":{"user_id":1}}', '2025-09-06 07:08:24.36549', '2025-09-06 07:08:24.36549', NULL) ON CONFLICT DO NOTHING;
INSERT INTO public.audit_logs (id, user_id, action, details, created_at, updated_at, details_raw) OVERRIDING SYSTEM VALUE VALUES ('59', '1', 'update_access_permissions', 'user_id=1', '2025-09-06 07:08:37.90342', '2025-09-06 07:08:37.90342', NULL) ON CONFLICT DO NOTHING;
INSERT INTO public.audit_logs (id, user_id, action, details, created_at, updated_at, details_raw) OVERRIDING SYSTEM VALUE VALUES ('60', '1', 'update_access_permissions', '{"module":"account","status":"success","meta":{"user_id":1}}', '2025-09-06 07:08:37.906333', '2025-09-06 07:08:37.906333', NULL) ON CONFLICT DO NOTHING;
INSERT INTO public.audit_logs (id, user_id, action, details, created_at, updated_at, details_raw) OVERRIDING SYSTEM VALUE VALUES ('61', '1', 'login', '{"event":"login","ip":"136.158.42.116","ua":"Mozilla/5.0 (Windows NT 10.0; Win64; x64) AppleWebKit/537.36 (KHTML, like Gecko) Chrome/139.0.0.0 Safari/537.36"}', '2025-09-06 08:21:34.004392', '2025-09-06 08:21:34.004392', NULL) ON CONFLICT DO NOTHING;
INSERT INTO public.audit_logs (id, user_id, action, details, created_at, updated_at, details_raw) OVERRIDING SYSTEM VALUE VALUES ('62', '1', 'create_employee', 'IT002 Gero Earl Pereyra', '2025-09-06 08:22:37.089', '2025-09-06 08:22:37.089', NULL) ON CONFLICT DO NOTHING;
INSERT INTO public.audit_logs (id, user_id, action, details, created_at, updated_at, details_raw) OVERRIDING SYSTEM VALUE VALUES ('63', '1', 'update_employee', 'IT002', '2025-09-06 08:23:01.476722', '2025-09-06 08:23:01.476722', NULL) ON CONFLICT DO NOTHING;
INSERT INTO public.audit_logs (id, user_id, action, details, created_at, updated_at, details_raw) OVERRIDING SYSTEM VALUE VALUES ('64', '1', 'update_employee', 'IT002', '2025-09-06 08:23:57.045022', '2025-09-06 08:23:57.045022', NULL) ON CONFLICT DO NOTHING;
INSERT INTO public.audit_logs (id, user_id, action, details, created_at, updated_at, details_raw) OVERRIDING SYSTEM VALUE VALUES ('65', '1', 'update_employee', 'IT002', '2025-09-06 08:24:21.920268', '2025-09-06 08:24:21.920268', NULL) ON CONFLICT DO NOTHING;
INSERT INTO public.audit_logs (id, user_id, action, details, created_at, updated_at, details_raw) OVERRIDING SYSTEM VALUE VALUES ('66', '1', 'create_account', 'user_id=6', '2025-09-06 08:25:08.031227', '2025-09-06 08:25:08.031227', NULL) ON CONFLICT DO NOTHING;
INSERT INTO public.audit_logs (id, user_id, action, details, created_at, updated_at, details_raw) OVERRIDING SYSTEM VALUE VALUES ('67', '1', 'update_access_permissions', 'user_id=6', '2025-09-06 08:25:34.547525', '2025-09-06 08:25:34.547525', NULL) ON CONFLICT DO NOTHING;
INSERT INTO public.audit_logs (id, user_id, action, details, created_at, updated_at, details_raw) OVERRIDING SYSTEM VALUE VALUES ('68', '1', 'update_access_permissions', '{"module":"account","status":"success","meta":{"user_id":6}}', '2025-09-06 08:25:34.549632', '2025-09-06 08:25:34.549632', NULL) ON CONFLICT DO NOTHING;
INSERT INTO public.audit_logs (id, user_id, action, details, created_at, updated_at, details_raw) OVERRIDING SYSTEM VALUE VALUES ('69', '6', 'login', '{"event":"login","ip":"136.158.42.116","ua":"Mozilla/5.0 (Windows NT 10.0; Win64; x64) AppleWebKit/537.36 (KHTML, like Gecko) Chrome/139.0.0.0 Safari/537.36"}', '2025-09-06 08:25:53.554525', '2025-09-06 08:25:53.554525', NULL) ON CONFLICT DO NOTHING;
INSERT INTO public.audit_logs (id, user_id, action, details, created_at, updated_at, details_raw) OVERRIDING SYSTEM VALUE VALUES ('70', '1', 'apply_role_defaults', 'user_id=6', '2025-09-06 08:26:10.675558', '2025-09-06 08:26:10.675558', NULL) ON CONFLICT DO NOTHING;
INSERT INTO public.audit_logs (id, user_id, action, details, created_at, updated_at, details_raw) OVERRIDING SYSTEM VALUE VALUES ('71', '1', 'apply_role_defaults', '{"module":"account","status":"success","meta":{"user_id":6}}', '2025-09-06 08:26:10.677684', '2025-09-06 08:26:10.677684', NULL) ON CONFLICT DO NOTHING;
INSERT INTO public.audit_logs (id, user_id, action, details, created_at, updated_at, details_raw) OVERRIDING SYSTEM VALUE VALUES ('72', '1', 'update_access_permissions', 'user_id=6', '2025-09-06 08:26:18.857787', '2025-09-06 08:26:18.857787', NULL) ON CONFLICT DO NOTHING;
INSERT INTO public.audit_logs (id, user_id, action, details, created_at, updated_at, details_raw) OVERRIDING SYSTEM VALUE VALUES ('73', '1', 'update_access_permissions', '{"module":"account","status":"success","meta":{"user_id":6}}', '2025-09-06 08:26:18.85999', '2025-09-06 08:26:18.85999', NULL) ON CONFLICT DO NOTHING;
INSERT INTO public.audit_logs (id, user_id, action, details, created_at, updated_at, details_raw) OVERRIDING SYSTEM VALUE VALUES ('74', '1', 'apply_role_defaults', 'user_id=6', '2025-09-06 08:26:23.765916', '2025-09-06 08:26:23.765916', NULL) ON CONFLICT DO NOTHING;
INSERT INTO public.audit_logs (id, user_id, action, details, created_at, updated_at, details_raw) OVERRIDING SYSTEM VALUE VALUES ('75', '1', 'apply_role_defaults', '{"module":"account","status":"success","meta":{"user_id":6}}', '2025-09-06 08:26:23.768211', '2025-09-06 08:26:23.768211', NULL) ON CONFLICT DO NOTHING;
INSERT INTO public.audit_logs (id, user_id, action, details, created_at, updated_at, details_raw) OVERRIDING SYSTEM VALUE VALUES ('76', '1', 'create_employee', 'IT003 Greg John Paul Alop', '2025-09-06 08:36:01.405853', '2025-09-06 08:36:01.405853', NULL) ON CONFLICT DO NOTHING;
INSERT INTO public.audit_logs (id, user_id, action, details, created_at, updated_at, details_raw) OVERRIDING SYSTEM VALUE VALUES ('77', '1', 'create_account', 'user_id=7', '2025-09-06 08:38:26.254552', '2025-09-06 08:38:26.254552', NULL) ON CONFLICT DO NOTHING;
INSERT INTO public.audit_logs (id, user_id, action, details, created_at, updated_at, details_raw) OVERRIDING SYSTEM VALUE VALUES ('78', '1', 'update_access_permissions', 'user_id=7', '2025-09-06 08:41:06.551782', '2025-09-06 08:41:06.551782', NULL) ON CONFLICT DO NOTHING;
INSERT INTO public.audit_logs (id, user_id, action, details, created_at, updated_at, details_raw) OVERRIDING SYSTEM VALUE VALUES ('79', '1', 'update_access_permissions', '{"module":"account","status":"success","meta":{"user_id":7}}', '2025-09-06 08:41:06.555008', '2025-09-06 08:41:06.555008', NULL) ON CONFLICT DO NOTHING;
INSERT INTO public.audit_logs (id, user_id, action, details, created_at, updated_at, details_raw) OVERRIDING SYSTEM VALUE VALUES ('80', '1', 'logout', 'User logged out', '2025-09-06 08:47:59.796477', '2025-09-06 08:47:59.796477', NULL) ON CONFLICT DO NOTHING;
INSERT INTO public.audit_logs (id, user_id, action, details, created_at, updated_at, details_raw) OVERRIDING SYSTEM VALUE VALUES ('81', NULL, 'login.failed', 'Failed login for velasco.raeneilbscs2023@gmail.com', '2025-09-06 10:19:28.13227', '2025-09-06 10:19:28.13227', NULL) ON CONFLICT DO NOTHING;
INSERT INTO public.audit_logs (id, user_id, action, details, created_at, updated_at, details_raw) OVERRIDING SYSTEM VALUE VALUES ('82', '1', 'login', '{"event":"login","ip":"112.203.46.45","ua":"Mozilla/5.0 (Windows NT 10.0; Win64; x64) AppleWebKit/537.36 (KHTML, like Gecko) Chrome/139.0.0.0 Safari/537.36 Edg/139.0.0.0"}', '2025-09-06 14:22:16.470753', '2025-09-06 14:22:16.470753', NULL) ON CONFLICT DO NOTHING;
INSERT INTO public.audit_logs (id, user_id, action, details, created_at, updated_at, details_raw) OVERRIDING SYSTEM VALUE VALUES ('83', '1', 'create_employee', 'HR001 Raeneil Velasco', '2025-09-06 14:27:01.061599', '2025-09-06 14:27:01.061599', NULL) ON CONFLICT DO NOTHING;
INSERT INTO public.audit_logs (id, user_id, action, details, created_at, updated_at, details_raw) OVERRIDING SYSTEM VALUE VALUES ('84', '1', 'create_account', 'user_id=8', '2025-09-06 14:27:21.799919', '2025-09-06 14:27:21.799919', NULL) ON CONFLICT DO NOTHING;
INSERT INTO public.audit_logs (id, user_id, action, details, created_at, updated_at, details_raw) OVERRIDING SYSTEM VALUE VALUES ('85', '1', 'create_employee', 'HR002 Mark Andrei Merto', '2025-09-06 14:28:03.521778', '2025-09-06 14:28:03.521778', NULL) ON CONFLICT DO NOTHING;
INSERT INTO public.audit_logs (id, user_id, action, details, created_at, updated_at, details_raw) OVERRIDING SYSTEM VALUE VALUES ('86', '1', 'create_account', 'user_id=9', '2025-09-06 14:28:13.606858', '2025-09-06 14:28:13.606858', NULL) ON CONFLICT DO NOTHING;
INSERT INTO public.audit_logs (id, user_id, action, details, created_at, updated_at, details_raw) OVERRIDING SYSTEM VALUE VALUES ('87', '1', 'update_account', 'user_id=9', '2025-09-06 14:28:22.596782', '2025-09-06 14:28:22.596782', NULL) ON CONFLICT DO NOTHING;
INSERT INTO public.audit_logs (id, user_id, action, details, created_at, updated_at, details_raw) OVERRIDING SYSTEM VALUE VALUES ('88', '1', 'update_account', '{"module":"account","status":"success","meta":{"user_id":9}}', '2025-09-06 14:28:22.599903', '2025-09-06 14:28:22.599903', NULL) ON CONFLICT DO NOTHING;
INSERT INTO public.audit_logs (id, user_id, action, details, created_at, updated_at, details_raw) OVERRIDING SYSTEM VALUE VALUES ('89', '1', 'create_employee', 'HR003 Karylle De Torres', '2025-09-06 14:29:12.063203', '2025-09-06 14:29:12.063203', NULL) ON CONFLICT DO NOTHING;
INSERT INTO public.audit_logs (id, user_id, action, details, created_at, updated_at, details_raw) OVERRIDING SYSTEM VALUE VALUES ('90', '1', 'create_account', 'user_id=10', '2025-09-06 14:29:28.749384', '2025-09-06 14:29:28.749384', NULL) ON CONFLICT DO NOTHING;
INSERT INTO public.audit_logs (id, user_id, action, details, created_at, updated_at, details_raw) OVERRIDING SYSTEM VALUE VALUES ('91', '1', 'update_account', 'user_id=9', '2025-09-06 14:29:50.381178', '2025-09-06 14:29:50.381178', NULL) ON CONFLICT DO NOTHING;
INSERT INTO public.audit_logs (id, user_id, action, details, created_at, updated_at, details_raw) OVERRIDING SYSTEM VALUE VALUES ('92', '1', 'update_account', '{"module":"account","status":"success","meta":{"user_id":9}}', '2025-09-06 14:29:50.383064', '2025-09-06 14:29:50.383064', NULL) ON CONFLICT DO NOTHING;
INSERT INTO public.audit_logs (id, user_id, action, details, created_at, updated_at, details_raw) OVERRIDING SYSTEM VALUE VALUES ('93', '1', 'update_account', 'user_id=9', '2025-09-06 14:30:25.873816', '2025-09-06 14:30:25.873816', NULL) ON CONFLICT DO NOTHING;
INSERT INTO public.audit_logs (id, user_id, action, details, created_at, updated_at, details_raw) OVERRIDING SYSTEM VALUE VALUES ('94', '1', 'update_account', '{"module":"account","status":"success","meta":{"user_id":9}}', '2025-09-06 14:30:25.875689', '2025-09-06 14:30:25.875689', NULL) ON CONFLICT DO NOTHING;
INSERT INTO public.audit_logs (id, user_id, action, details, created_at, updated_at, details_raw) OVERRIDING SYSTEM VALUE VALUES ('95', '1', 'create_employee', 'HR004 Jhon Carlos Bagaforo', '2025-09-06 14:31:19.470199', '2025-09-06 14:31:19.470199', NULL) ON CONFLICT DO NOTHING;
INSERT INTO public.audit_logs (id, user_id, action, details, created_at, updated_at, details_raw) OVERRIDING SYSTEM VALUE VALUES ('96', '1', 'create_account', 'user_id=11', '2025-09-06 14:32:20.014457', '2025-09-06 14:32:20.014457', NULL) ON CONFLICT DO NOTHING;
INSERT INTO public.audit_logs (id, user_id, action, details, created_at, updated_at, details_raw) OVERRIDING SYSTEM VALUE VALUES ('97', '1', 'update_account', 'user_id=11', '2025-09-06 14:32:30.82766', '2025-09-06 14:32:30.82766', NULL) ON CONFLICT DO NOTHING;
INSERT INTO public.audit_logs (id, user_id, action, details, created_at, updated_at, details_raw) OVERRIDING SYSTEM VALUE VALUES ('98', '1', 'update_account', '{"module":"account","status":"success","meta":{"user_id":11}}', '2025-09-06 14:32:30.82972', '2025-09-06 14:32:30.82972', NULL) ON CONFLICT DO NOTHING;
INSERT INTO public.audit_logs (id, user_id, action, details, created_at, updated_at, details_raw) OVERRIDING SYSTEM VALUE VALUES ('99', '1', 'create_employee', 'HR005 Stephanie Cueto', '2025-09-06 14:33:55.384571', '2025-09-06 14:33:55.384571', NULL) ON CONFLICT DO NOTHING;
INSERT INTO public.audit_logs (id, user_id, action, details, created_at, updated_at, details_raw) OVERRIDING SYSTEM VALUE VALUES ('100', '1', 'create_account', 'user_id=12', '2025-09-06 14:34:10.29227', '2025-09-06 14:34:10.29227', NULL) ON CONFLICT DO NOTHING;
INSERT INTO public.audit_logs (id, user_id, action, details, created_at, updated_at, details_raw) OVERRIDING SYSTEM VALUE VALUES ('101', '1', 'create_employee', 'HR006 Mark Joseph Buban', '2025-09-06 14:34:56.99031', '2025-09-06 14:34:56.99031', NULL) ON CONFLICT DO NOTHING;
INSERT INTO public.audit_logs (id, user_id, action, details, created_at, updated_at, details_raw) OVERRIDING SYSTEM VALUE VALUES ('102', '1', 'create_account', 'user_id=13', '2025-09-06 14:35:09.07104', '2025-09-06 14:35:09.07104', NULL) ON CONFLICT DO NOTHING;
INSERT INTO public.audit_logs (id, user_id, action, details, created_at, updated_at, details_raw) OVERRIDING SYSTEM VALUE VALUES ('103', '1', 'update_account', 'user_id=13', '2025-09-06 14:35:15.700249', '2025-09-06 14:35:15.700249', NULL) ON CONFLICT DO NOTHING;
INSERT INTO public.audit_logs (id, user_id, action, details, created_at, updated_at, details_raw) OVERRIDING SYSTEM VALUE VALUES ('104', '1', 'update_account', '{"module":"account","status":"success","meta":{"user_id":13}}', '2025-09-06 14:35:15.702051', '2025-09-06 14:35:15.702051', NULL) ON CONFLICT DO NOTHING;
INSERT INTO public.audit_logs (id, user_id, action, details, created_at, updated_at, details_raw) OVERRIDING SYSTEM VALUE VALUES ('105', '1', 'create_employee', 'HR007 Mark Clent Bigayan', '2025-09-06 14:36:07.189424', '2025-09-06 14:36:07.189424', NULL) ON CONFLICT DO NOTHING;
INSERT INTO public.audit_logs (id, user_id, action, details, created_at, updated_at, details_raw) OVERRIDING SYSTEM VALUE VALUES ('106', '1', 'create_account', 'user_id=14', '2025-09-06 14:36:18.364581', '2025-09-06 14:36:18.364581', NULL) ON CONFLICT DO NOTHING;
INSERT INTO public.audit_logs (id, user_id, action, details, created_at, updated_at, details_raw) OVERRIDING SYSTEM VALUE VALUES ('107', '1', 'create_employee', 'IT004 Stephen Steve Sameniada', '2025-09-06 14:37:19.192503', '2025-09-06 14:37:19.192503', NULL) ON CONFLICT DO NOTHING;
INSERT INTO public.audit_logs (id, user_id, action, details, created_at, updated_at, details_raw) OVERRIDING SYSTEM VALUE VALUES ('108', '1', 'create_account', 'user_id=15', '2025-09-06 14:37:31.640486', '2025-09-06 14:37:31.640486', NULL) ON CONFLICT DO NOTHING;
INSERT INTO public.audit_logs (id, user_id, action, details, created_at, updated_at, details_raw) OVERRIDING SYSTEM VALUE VALUES ('109', '1', 'login', '{"event":"login","ip":"136.158.43.151","ua":"Mozilla/5.0 (Windows NT 10.0; Win64; x64) AppleWebKit/537.36 (KHTML, like Gecko) Chrome/139.0.0.0 Safari/537.36"}', '2025-09-06 19:23:59.518161', '2025-09-06 19:23:59.518161', NULL) ON CONFLICT DO NOTHING;
INSERT INTO public.audit_logs (id, user_id, action, details, created_at, updated_at, details_raw) OVERRIDING SYSTEM VALUE VALUES ('110', '8', 'login', '{"event":"login","ip":"175.176.27.175","ua":"Mozilla/5.0 (Linux; Android 10; K) AppleWebKit/537.36 (KHTML, like Gecko) Chrome/138.0.0.0 Mobile Safari/537.36"}', '2025-09-06 22:03:20.728534', '2025-09-06 22:03:20.728534', NULL) ON CONFLICT DO NOTHING;
INSERT INTO public.audit_logs (id, user_id, action, details, created_at, updated_at, details_raw) OVERRIDING SYSTEM VALUE VALUES ('111', '8', 'export_csv', 'leave_requests', '2025-09-06 22:03:58.646668', '2025-09-06 22:03:58.646668', NULL) ON CONFLICT DO NOTHING;
INSERT INTO public.audit_logs (id, user_id, action, details, created_at, updated_at, details_raw) OVERRIDING SYSTEM VALUE VALUES ('112', NULL, 'login.failed', 'Failed login for admin@hrms.local', '2025-09-06 22:07:45.897752', '2025-09-06 22:07:45.897752', NULL) ON CONFLICT DO NOTHING;
INSERT INTO public.audit_logs (id, user_id, action, details, created_at, updated_at, details_raw) OVERRIDING SYSTEM VALUE VALUES ('113', NULL, 'login.failed', 'Failed login for velasco.raeneilbscs2023@gmail.com', '2025-09-06 22:07:57.618653', '2025-09-06 22:07:57.618653', NULL) ON CONFLICT DO NOTHING;
INSERT INTO public.audit_logs (id, user_id, action, details, created_at, updated_at, details_raw) OVERRIDING SYSTEM VALUE VALUES ('114', NULL, 'login.failed', 'Failed login for velasco.raeneilbscs2023@gmail.com', '2025-09-06 22:08:24.675255', '2025-09-06 22:08:24.675255', NULL) ON CONFLICT DO NOTHING;
INSERT INTO public.audit_logs (id, user_id, action, details, created_at, updated_at, details_raw) OVERRIDING SYSTEM VALUE VALUES ('115', NULL, 'login.failed', 'Failed login for velasco.raeneilbscs2023@gmail.com', '2025-09-06 22:08:43.031772', '2025-09-06 22:08:43.031772', NULL) ON CONFLICT DO NOTHING;
INSERT INTO public.audit_logs (id, user_id, action, details, created_at, updated_at, details_raw) OVERRIDING SYSTEM VALUE VALUES ('116', '8', 'logout', 'User logged out', '2025-09-06 22:11:26.424527', '2025-09-06 22:11:26.424527', NULL) ON CONFLICT DO NOTHING;
INSERT INTO public.audit_logs (id, user_id, action, details, created_at, updated_at, details_raw) OVERRIDING SYSTEM VALUE VALUES ('117', '1', 'login', '{"event":"login","ip":"136.158.43.239","ua":"Mozilla/5.0 (Windows NT 10.0; Win64; x64) AppleWebKit/537.36 (KHTML, like Gecko) Chrome/139.0.0.0 Safari/537.36"}', '2025-09-07 07:42:41.409055', '2025-09-07 07:42:41.409055', NULL) ON CONFLICT DO NOTHING;
INSERT INTO public.audit_logs (id, user_id, action, details, created_at, updated_at, details_raw) OVERRIDING SYSTEM VALUE VALUES ('118', '1', 'login', '{"event":"login","ip":"136.158.43.239","ua":"Mozilla/5.0 (Windows NT 10.0; Win64; x64) AppleWebKit/537.36 (KHTML, like Gecko) Chrome/139.0.0.0 Safari/537.36"}', '2025-09-07 08:46:46.835056', '2025-09-07 08:46:46.835056', NULL) ON CONFLICT DO NOTHING;
INSERT INTO public.audit_logs (id, user_id, action, details, created_at, updated_at, details_raw) OVERRIDING SYSTEM VALUE VALUES ('119', '15', 'login', '{"event":"login","ip":"131.226.101.19","ua":"Mozilla/5.0 (Linux; Android 10; K) AppleWebKit/537.36 (KHTML, like Gecko) Chrome/141.0.0.0 Mobile Safari/537.36"}', '2025-09-08 03:45:01.238842', '2025-09-08 03:45:01.238842', NULL) ON CONFLICT DO NOTHING;
INSERT INTO public.audit_logs (id, user_id, action, details, created_at, updated_at, details_raw) OVERRIDING SYSTEM VALUE VALUES ('120', NULL, 'login.failed', 'Failed login for alop.gregjohnpaulbscs2023@gmail.com', '2025-09-09 02:50:52.038574', '2025-09-09 02:50:52.038574', NULL) ON CONFLICT DO NOTHING;
INSERT INTO public.audit_logs (id, user_id, action, details, created_at, updated_at, details_raw) OVERRIDING SYSTEM VALUE VALUES ('121', NULL, 'login.failed', 'Failed login for alop.gregjohnpaulbscs2023@gmail.com', '2025-09-09 02:50:59.602985', '2025-09-09 02:50:59.602985', NULL) ON CONFLICT DO NOTHING;
INSERT INTO public.audit_logs (id, user_id, action, details, created_at, updated_at, details_raw) OVERRIDING SYSTEM VALUE VALUES ('122', NULL, 'login.failed', 'Failed login for alop.gregjohnpaulbscs2023@gmail.com', '2025-09-09 02:51:00.84302', '2025-09-09 02:51:00.84302', NULL) ON CONFLICT DO NOTHING;
INSERT INTO public.audit_logs (id, user_id, action, details, created_at, updated_at, details_raw) OVERRIDING SYSTEM VALUE VALUES ('123', NULL, 'login.failed', 'Failed login for alop.gregjohnpaulbscs2023@gmail.com', '2025-09-09 02:51:02.314045', '2025-09-09 02:51:02.314045', NULL) ON CONFLICT DO NOTHING;
INSERT INTO public.audit_logs (id, user_id, action, details, created_at, updated_at, details_raw) OVERRIDING SYSTEM VALUE VALUES ('124', NULL, 'login.failed', 'Failed login for alop.gregjohnpaulbscs2023@gmail.com', '2025-09-09 02:51:02.570798', '2025-09-09 02:51:02.570798', NULL) ON CONFLICT DO NOTHING;
INSERT INTO public.audit_logs (id, user_id, action, details, created_at, updated_at, details_raw) OVERRIDING SYSTEM VALUE VALUES ('125', NULL, 'login.failed', 'Failed login for alop.gregjohnpaulbscs2023@gmail.com', '2025-09-09 02:52:29.961248', '2025-09-09 02:52:29.961248', NULL) ON CONFLICT DO NOTHING;
INSERT INTO public.audit_logs (id, user_id, action, details, created_at, updated_at, details_raw) OVERRIDING SYSTEM VALUE VALUES ('126', NULL, 'login.failed', 'Failed login for velasco.raeneilbscs2023@gmail.com', '2025-09-09 14:30:20.099552', '2025-09-09 14:30:20.099552', NULL) ON CONFLICT DO NOTHING;
INSERT INTO public.audit_logs (id, user_id, action, details, created_at, updated_at, details_raw) OVERRIDING SYSTEM VALUE VALUES ('127', '8', 'login', '{"event":"login","ip":"175.176.27.229","ua":"Mozilla/5.0 (Linux; Android 10; K) AppleWebKit/537.36 (KHTML, like Gecko) Chrome/138.0.0.0 Mobile Safari/537.36"}', '2025-09-09 14:30:32.868708', '2025-09-09 14:30:32.868708', NULL) ON CONFLICT DO NOTHING;
INSERT INTO public.audit_logs (id, user_id, action, details, created_at, updated_at, details_raw) OVERRIDING SYSTEM VALUE VALUES ('128', '8', 'account.password', 'Changed password', '2025-09-09 14:33:52.744773', '2025-09-09 14:33:52.744773', NULL) ON CONFLICT DO NOTHING;
INSERT INTO public.audit_logs (id, user_id, action, details, created_at, updated_at, details_raw) OVERRIDING SYSTEM VALUE VALUES ('129', '8', 'account.password', 'Changed password', '2025-09-09 14:34:10.587134', '2025-09-09 14:34:10.587134', NULL) ON CONFLICT DO NOTHING;
INSERT INTO public.audit_logs (id, user_id, action, details, created_at, updated_at, details_raw) OVERRIDING SYSTEM VALUE VALUES ('130', '7', 'login', '{"event":"login","ip":"112.203.41.113","ua":"Mozilla/5.0 (Macintosh; Intel Mac OS X 10_15_7) AppleWebKit/537.36 (KHTML, like Gecko) Chrome/134.0.0.0 Safari/537.36"}', '2025-09-10 05:41:52.820514', '2025-09-10 05:41:52.820514', NULL) ON CONFLICT DO NOTHING;
INSERT INTO public.audit_logs (id, user_id, action, details, created_at, updated_at, details_raw) OVERRIDING SYSTEM VALUE VALUES ('131', '7', 'leave_filed', '{"employee_id":3,"leave_type":"sick","start_date":"2025-09-12","end_date":"2025-09-23","days":"12.00"}', '2025-09-10 06:24:47.587139', '2025-09-10 06:24:47.587139', NULL) ON CONFLICT DO NOTHING;
INSERT INTO public.audit_logs (id, user_id, action, details, created_at, updated_at, details_raw) OVERRIDING SYSTEM VALUE VALUES ('132', '7', 'login', '{"event":"login","ip":"112.203.41.113","ua":"Mozilla/5.0 (Macintosh; Intel Mac OS X 10_15_7) AppleWebKit/537.36 (KHTML, like Gecko) Chrome/134.0.0.0 Safari/537.36"}', '2025-09-10 09:20:15.908386', '2025-09-10 09:20:15.908386', NULL) ON CONFLICT DO NOTHING;
INSERT INTO public.audit_logs (id, user_id, action, details, created_at, updated_at, details_raw) OVERRIDING SYSTEM VALUE VALUES ('133', NULL, 'login.failed', 'Failed login for velasco.raeneilbscs2023@gmail.com', '2025-09-10 13:21:39.852827', '2025-09-10 13:21:39.852827', NULL) ON CONFLICT DO NOTHING;
INSERT INTO public.audit_logs (id, user_id, action, details, created_at, updated_at, details_raw) OVERRIDING SYSTEM VALUE VALUES ('134', NULL, 'login.failed', 'Failed login for velasco.raeneilbscs2023@gmail.com', '2025-09-10 13:21:50.499061', '2025-09-10 13:21:50.499061', NULL) ON CONFLICT DO NOTHING;
INSERT INTO public.audit_logs (id, user_id, action, details, created_at, updated_at, details_raw) OVERRIDING SYSTEM VALUE VALUES ('135', NULL, 'login.failed', 'Failed login for velasco.raeneilbscs2023@gmail.com', '2025-09-10 13:22:01.231642', '2025-09-10 13:22:01.231642', NULL) ON CONFLICT DO NOTHING;
INSERT INTO public.audit_logs (id, user_id, action, details, created_at, updated_at, details_raw) OVERRIDING SYSTEM VALUE VALUES ('136', '8', 'login', '{"event":"login","ip":"175.176.24.79","ua":"Mozilla/5.0 (Linux; Android 10; K) AppleWebKit/537.36 (KHTML, like Gecko) Chrome/138.0.0.0 Mobile Safari/537.36"}', '2025-09-10 13:22:23.199801', '2025-09-10 13:22:23.199801', NULL) ON CONFLICT DO NOTHING;
INSERT INTO public.audit_logs (id, user_id, action, details, created_at, updated_at, details_raw) OVERRIDING SYSTEM VALUE VALUES ('137', NULL, 'login.failed', 'Failed login for velasco.raeneilbscs2023@gmail.com', '2025-09-10 14:11:19.767318', '2025-09-10 14:11:19.767318', NULL) ON CONFLICT DO NOTHING;
INSERT INTO public.audit_logs (id, user_id, action, details, created_at, updated_at, details_raw) OVERRIDING SYSTEM VALUE VALUES ('138', '8', 'login', '{"event":"login","ip":"175.176.24.79","ua":"Mozilla/5.0 (Linux; Android 10; K) AppleWebKit/537.36 (KHTML, like Gecko) Chrome/138.0.0.0 Mobile Safari/537.36"}', '2025-09-10 14:11:27.846622', '2025-09-10 14:11:27.846622', NULL) ON CONFLICT DO NOTHING;
INSERT INTO public.audit_logs (id, user_id, action, details, created_at, updated_at, details_raw) OVERRIDING SYSTEM VALUE VALUES ('139', '8', 'logout', 'User logged out', '2025-09-10 14:19:16.440074', '2025-09-10 14:19:16.440074', NULL) ON CONFLICT DO NOTHING;
INSERT INTO public.audit_logs (id, user_id, action, details, created_at, updated_at, details_raw) OVERRIDING SYSTEM VALUE VALUES ('140', '8', 'login', '{"event":"login","ip":"175.176.24.79","ua":"Mozilla/5.0 (Linux; Android 10; K) AppleWebKit/537.36 (KHTML, like Gecko) Chrome/138.0.0.0 Mobile Safari/537.36"}', '2025-09-11 02:42:48.18774', '2025-09-11 02:42:48.18774', NULL) ON CONFLICT DO NOTHING;
INSERT INTO public.audit_logs (id, user_id, action, details, created_at, updated_at, details_raw) OVERRIDING SYSTEM VALUE VALUES ('141', '8', 'logout', 'User logged out', '2025-09-11 02:49:46.509277', '2025-09-11 02:49:46.509277', NULL) ON CONFLICT DO NOTHING;
INSERT INTO public.audit_logs (id, user_id, action, details, created_at, updated_at, details_raw) OVERRIDING SYSTEM VALUE VALUES ('142', '1', 'login', '{"event":"login","ip":"136.158.43.239","ua":"Mozilla/5.0 (Linux; Android 10; K) AppleWebKit/537.36 (KHTML, like Gecko) Chrome/140.0.0.0 Mobile Safari/537.36"}', '2025-09-11 13:54:12.385609', '2025-09-11 13:54:12.385609', NULL) ON CONFLICT DO NOTHING;
INSERT INTO public.audit_logs (id, user_id, action, details, created_at, updated_at, details_raw) OVERRIDING SYSTEM VALUE VALUES ('143', '1', 'apply_role_defaults', 'user_id=7', '2025-09-11 13:54:27.861016', '2025-09-11 13:54:27.861016', NULL) ON CONFLICT DO NOTHING;
INSERT INTO public.audit_logs (id, user_id, action, details, created_at, updated_at, details_raw) OVERRIDING SYSTEM VALUE VALUES ('144', '1', 'apply_role_defaults', '{"module":"account","status":"success","meta":{"user_id":7}}', '2025-09-11 13:54:27.863034', '2025-09-11 13:54:27.863034', NULL) ON CONFLICT DO NOTHING;
INSERT INTO public.audit_logs (id, user_id, action, details, created_at, updated_at, details_raw) OVERRIDING SYSTEM VALUE VALUES ('145', '1', 'update_access_permissions', 'user_id=7', '2025-09-11 13:54:42.823331', '2025-09-11 13:54:42.823331', NULL) ON CONFLICT DO NOTHING;
INSERT INTO public.audit_logs (id, user_id, action, details, created_at, updated_at, details_raw) OVERRIDING SYSTEM VALUE VALUES ('146', '1', 'update_access_permissions', '{"module":"account","status":"success","meta":{"user_id":7}}', '2025-09-11 13:54:42.825685', '2025-09-11 13:54:42.825685', NULL) ON CONFLICT DO NOTHING;
INSERT INTO public.audit_logs (id, user_id, action, details, created_at, updated_at, details_raw) OVERRIDING SYSTEM VALUE VALUES ('147', '8', 'login', '{"event":"login","ip":"175.176.24.102","ua":"Mozilla/5.0 (Linux; Android 10; K) AppleWebKit/537.36 (KHTML, like Gecko) Chrome/138.0.0.0 Mobile Safari/537.36"}', '2025-09-11 23:14:48.933432', '2025-09-11 23:14:48.933432', NULL) ON CONFLICT DO NOTHING;
INSERT INTO public.audit_logs (id, user_id, action, details, created_at, updated_at, details_raw) OVERRIDING SYSTEM VALUE VALUES ('148', '8', 'attendance.create', 'Attendance for emp #5 on 2025-09-12 created', '2025-09-11 23:18:23.753533', '2025-09-11 23:18:23.753533', NULL) ON CONFLICT DO NOTHING;
INSERT INTO public.audit_logs (id, user_id, action, details, created_at, updated_at, details_raw) OVERRIDING SYSTEM VALUE VALUES ('149', '8', 'attendance.create', 'Attendance for emp #11 on 2025-09-12 created', '2025-09-11 23:18:56.523333', '2025-09-11 23:18:56.523333', NULL) ON CONFLICT DO NOTHING;
INSERT INTO public.audit_logs (id, user_id, action, details, created_at, updated_at, details_raw) OVERRIDING SYSTEM VALUE VALUES ('150', NULL, 'login.failed', 'Failed login for admin@hrms.local', '2025-09-12 09:43:04.136551', '2025-09-12 09:43:04.136551', NULL) ON CONFLICT DO NOTHING;
INSERT INTO public.audit_logs (id, user_id, action, details, created_at, updated_at, details_raw) OVERRIDING SYSTEM VALUE VALUES ('151', '1', 'login', '{"event":"login","ip":"110.54.148.3","ua":"Mozilla/5.0 (Linux; Android 10; K) AppleWebKit/537.36 (KHTML, like Gecko) Chrome/140.0.0.0 Mobile Safari/537.36"}', '2025-09-12 09:43:20.065923', '2025-09-12 09:43:20.065923', NULL) ON CONFLICT DO NOTHING;
INSERT INTO public.audit_logs (id, user_id, action, details, created_at, updated_at, details_raw) OVERRIDING SYSTEM VALUE VALUES ('152', '1', 'update_access_permissions', 'user_id=15', '2025-09-12 09:43:49.700902', '2025-09-12 09:43:49.700902', NULL) ON CONFLICT DO NOTHING;
INSERT INTO public.audit_logs (id, user_id, action, details, created_at, updated_at, details_raw) OVERRIDING SYSTEM VALUE VALUES ('153', '1', 'update_access_permissions', '{"module":"account","status":"success","meta":{"user_id":15}}', '2025-09-12 09:43:49.703553', '2025-09-12 09:43:49.703553', NULL) ON CONFLICT DO NOTHING;
INSERT INTO public.audit_logs (id, user_id, action, details, created_at, updated_at, details_raw) OVERRIDING SYSTEM VALUE VALUES ('154', '1', 'logout', 'User logged out', '2025-09-12 09:44:01.995484', '2025-09-12 09:44:01.995484', NULL) ON CONFLICT DO NOTHING;
INSERT INTO public.audit_logs (id, user_id, action, details, created_at, updated_at, details_raw) OVERRIDING SYSTEM VALUE VALUES ('155', '15', 'login', '{"event":"login","ip":"110.54.148.3","ua":"Mozilla/5.0 (Linux; Android 10; K) AppleWebKit/537.36 (KHTML, like Gecko) Chrome/140.0.0.0 Mobile Safari/537.36"}', '2025-09-12 09:44:08.665132', '2025-09-12 09:44:08.665132', NULL) ON CONFLICT DO NOTHING;
INSERT INTO public.audit_logs (id, user_id, action, details, created_at, updated_at, details_raw) OVERRIDING SYSTEM VALUE VALUES ('156', NULL, 'login.failed', 'Failed login for codera.ivannbsis2023@gmail.com', '2025-09-13 02:31:37.487884', '2025-09-13 02:31:37.487884', NULL) ON CONFLICT DO NOTHING;
INSERT INTO public.audit_logs (id, user_id, action, details, created_at, updated_at, details_raw) OVERRIDING SYSTEM VALUE VALUES ('157', '8', 'login', '{"event":"login","ip":"175.176.24.206","ua":"Mozilla/5.0 (Linux; Android 10; K) AppleWebKit/537.36 (KHTML, like Gecko) Chrome/138.0.0.0 Mobile Safari/537.36"}', '2025-09-13 05:05:17.753301', '2025-09-13 05:05:17.753301', NULL) ON CONFLICT DO NOTHING;
INSERT INTO public.audit_logs (id, user_id, action, details, created_at, updated_at, details_raw) OVERRIDING SYSTEM VALUE VALUES ('158', '8', 'logout', 'User logged out', '2025-09-13 05:13:13.203854', '2025-09-13 05:13:13.203854', NULL) ON CONFLICT DO NOTHING;
INSERT INTO public.audit_logs (id, user_id, action, details, created_at, updated_at, details_raw) OVERRIDING SYSTEM VALUE VALUES ('159', NULL, 'login.failed', 'Failed login for bobis.daniel.bscs2023@gmail.com', '2025-09-13 05:13:36.457143', '2025-09-13 05:13:36.457143', NULL) ON CONFLICT DO NOTHING;
INSERT INTO public.audit_logs (id, user_id, action, details, created_at, updated_at, details_raw) OVERRIDING SYSTEM VALUE VALUES ('160', '8', 'login', '{"event":"login","ip":"175.176.24.206","ua":"Mozilla/5.0 (Linux; Android 10; K) AppleWebKit/537.36 (KHTML, like Gecko) Chrome/138.0.0.0 Mobile Safari/537.36"}', '2025-09-13 05:13:51.222534', '2025-09-13 05:13:51.222534', NULL) ON CONFLICT DO NOTHING;
INSERT INTO public.audit_logs (id, user_id, action, details, created_at, updated_at, details_raw) OVERRIDING SYSTEM VALUE VALUES ('161', '8', 'logout', 'User logged out', '2025-09-13 05:14:50.315079', '2025-09-13 05:14:50.315079', NULL) ON CONFLICT DO NOTHING;
INSERT INTO public.audit_logs (id, user_id, action, details, created_at, updated_at, details_raw) OVERRIDING SYSTEM VALUE VALUES ('162', '6', 'login', '{"event":"login","ip":"175.176.24.206","ua":"Mozilla/5.0 (Linux; Android 10; K) AppleWebKit/537.36 (KHTML, like Gecko) Chrome/138.0.0.0 Mobile Safari/537.36"}', '2025-09-13 05:15:11.615787', '2025-09-13 05:15:11.615787', NULL) ON CONFLICT DO NOTHING;
INSERT INTO public.audit_logs (id, user_id, action, details, created_at, updated_at, details_raw) OVERRIDING SYSTEM VALUE VALUES ('163', '15', 'login', '{"event":"login","ip":"131.226.103.70","ua":"Mozilla/5.0 (Linux; Android 10; K) AppleWebKit/537.36 (KHTML, like Gecko) Chrome/142.0.0.0 Mobile Safari/537.36"}', '2025-09-17 13:49:02.719362', '2025-09-17 13:49:02.719362', NULL) ON CONFLICT DO NOTHING;
INSERT INTO public.audit_logs (id, user_id, action, details, created_at, updated_at, details_raw) OVERRIDING SYSTEM VALUE VALUES ('164', NULL, 'login.failed', 'Failed login for admin@hrms.local', '2025-09-18 00:00:06.972022', '2025-09-18 00:00:06.972022', NULL) ON CONFLICT DO NOTHING;
INSERT INTO public.audit_logs (id, user_id, action, details, created_at, updated_at, details_raw) OVERRIDING SYSTEM VALUE VALUES ('165', '1', 'login', '{"event":"login","ip":"136.158.42.135","ua":"Mozilla/5.0 (Windows NT 10.0; Win64; x64) AppleWebKit/537.36 (KHTML, like Gecko) Chrome/140.0.0.0 Safari/537.36"}', '2025-09-18 00:00:15.707528', '2025-09-18 00:00:15.707528', NULL) ON CONFLICT DO NOTHING;
INSERT INTO public.audit_logs (id, user_id, action, details, created_at, updated_at, details_raw) OVERRIDING SYSTEM VALUE VALUES ('166', '1', 'logout', 'User logged out', '2025-09-18 00:09:26.982842', '2025-09-18 00:09:26.982842', NULL) ON CONFLICT DO NOTHING;
INSERT INTO public.audit_logs (id, user_id, action, details, created_at, updated_at, details_raw) OVERRIDING SYSTEM VALUE VALUES ('167', NULL, 'login.failed', 'Failed login for pereyra.geroearlbscs2023@gmail.com', '2025-09-18 00:09:38.756139', '2025-09-18 00:09:38.756139', NULL) ON CONFLICT DO NOTHING;
INSERT INTO public.audit_logs (id, user_id, action, details, created_at, updated_at, details_raw) OVERRIDING SYSTEM VALUE VALUES ('168', NULL, 'login.failed', 'Failed login for pereyra.geroearlbscs2023@gmail.com', '2025-09-18 00:10:14.70037', '2025-09-18 00:10:14.70037', NULL) ON CONFLICT DO NOTHING;
INSERT INTO public.audit_logs (id, user_id, action, details, created_at, updated_at, details_raw) OVERRIDING SYSTEM VALUE VALUES ('169', NULL, 'login.failed', 'Failed login for pereyra.geroearlbscs2023@gmail.com', '2025-09-18 00:10:24.09503', '2025-09-18 00:10:24.09503', NULL) ON CONFLICT DO NOTHING;
INSERT INTO public.audit_logs (id, user_id, action, details, created_at, updated_at, details_raw) OVERRIDING SYSTEM VALUE VALUES ('170', '6', 'login', '{"event":"login","ip":"136.158.42.135","ua":"Mozilla/5.0 (Windows NT 10.0; Win64; x64) AppleWebKit/537.36 (KHTML, like Gecko) Chrome/140.0.0.0 Safari/537.36"}', '2025-09-18 00:10:45.704032', '2025-09-18 00:10:45.704032', NULL) ON CONFLICT DO NOTHING;
INSERT INTO public.audit_logs (id, user_id, action, details, created_at, updated_at, details_raw) OVERRIDING SYSTEM VALUE VALUES ('171', '6', 'leave_filed', '{"employee_id":2,"leave_type":"vacation","start_date":"2025-12-25","end_date":"2026-01-04","days":"11.00"}', '2025-09-18 00:11:39.335582', '2025-09-18 00:11:39.335582', NULL) ON CONFLICT DO NOTHING;
INSERT INTO public.audit_logs (id, user_id, action, details, created_at, updated_at, details_raw) OVERRIDING SYSTEM VALUE VALUES ('172', '6', 'logout', 'User logged out', '2025-09-18 00:12:37.058483', '2025-09-18 00:12:37.058483', NULL) ON CONFLICT DO NOTHING;
INSERT INTO public.audit_logs (id, user_id, action, details, created_at, updated_at, details_raw) OVERRIDING SYSTEM VALUE VALUES ('173', '1', 'login', '{"event":"login","ip":"136.158.42.135","ua":"Mozilla/5.0 (Windows NT 10.0; Win64; x64) AppleWebKit/537.36 (KHTML, like Gecko) Chrome/140.0.0.0 Safari/537.36"}', '2025-09-18 00:12:46.632256', '2025-09-18 00:12:46.632256', NULL) ON CONFLICT DO NOTHING;
INSERT INTO public.audit_logs (id, user_id, action, details, created_at, updated_at, details_raw) OVERRIDING SYSTEM VALUE VALUES ('174', '1', 'update_access_permissions', 'user_id=6', '2025-09-18 00:13:42.012094', '2025-09-18 00:13:42.012094', NULL) ON CONFLICT DO NOTHING;
INSERT INTO public.audit_logs (id, user_id, action, details, created_at, updated_at, details_raw) OVERRIDING SYSTEM VALUE VALUES ('175', '1', 'update_access_permissions', '{"module":"account","status":"success","meta":{"user_id":6}}', '2025-09-18 00:13:42.016028', '2025-09-18 00:13:42.016028', NULL) ON CONFLICT DO NOTHING;
INSERT INTO public.audit_logs (id, user_id, action, details, created_at, updated_at, details_raw) OVERRIDING SYSTEM VALUE VALUES ('176', '1', 'logout', 'User logged out', '2025-09-18 00:13:46.496536', '2025-09-18 00:13:46.496536', NULL) ON CONFLICT DO NOTHING;
INSERT INTO public.audit_logs (id, user_id, action, details, created_at, updated_at, details_raw) OVERRIDING SYSTEM VALUE VALUES ('177', '6', 'login', '{"event":"login","ip":"136.158.42.135","ua":"Mozilla/5.0 (Windows NT 10.0; Win64; x64) AppleWebKit/537.36 (KHTML, like Gecko) Chrome/140.0.0.0 Safari/537.36"}', '2025-09-18 00:13:55.002896', '2025-09-18 00:13:55.002896', NULL) ON CONFLICT DO NOTHING;
INSERT INTO public.audit_logs (id, user_id, action, details, created_at, updated_at, details_raw) OVERRIDING SYSTEM VALUE VALUES ('178', '6', 'logout', 'User logged out', '2025-09-18 00:14:55.733828', '2025-09-18 00:14:55.733828', NULL) ON CONFLICT DO NOTHING;
INSERT INTO public.audit_logs (id, user_id, action, details, created_at, updated_at, details_raw) OVERRIDING SYSTEM VALUE VALUES ('179', '1', 'login', '{"event":"login","ip":"136.158.42.135","ua":"Mozilla/5.0 (Windows NT 10.0; Win64; x64) AppleWebKit/537.36 (KHTML, like Gecko) Chrome/140.0.0.0 Safari/537.36"}', '2025-09-18 00:15:05.529433', '2025-09-18 00:15:05.529433', NULL) ON CONFLICT DO NOTHING;
INSERT INTO public.audit_logs (id, user_id, action, details, created_at, updated_at, details_raw) OVERRIDING SYSTEM VALUE VALUES ('180', '1', 'attendance.create', 'Attendance for emp #2 on 2025-09-18 created', '2025-09-18 00:16:12.238242', '2025-09-18 00:16:12.238242', NULL) ON CONFLICT DO NOTHING;
INSERT INTO public.audit_logs (id, user_id, action, details, created_at, updated_at, details_raw) OVERRIDING SYSTEM VALUE VALUES ('181', '1', 'update_access_permissions', 'user_id=6', '2025-09-18 00:19:55.137239', '2025-09-18 00:19:55.137239', NULL) ON CONFLICT DO NOTHING;
INSERT INTO public.audit_logs (id, user_id, action, details, created_at, updated_at, details_raw) OVERRIDING SYSTEM VALUE VALUES ('182', '1', 'update_access_permissions', '{"module":"account","status":"success","meta":{"user_id":6}}', '2025-09-18 00:19:55.140499', '2025-09-18 00:19:55.140499', NULL) ON CONFLICT DO NOTHING;
INSERT INTO public.audit_logs (id, user_id, action, details, created_at, updated_at, details_raw) OVERRIDING SYSTEM VALUE VALUES ('183', '6', 'login', '{"event":"login","ip":"136.158.42.135","ua":"Mozilla/5.0 (Windows NT 10.0; Win64; x64) AppleWebKit/537.36 (KHTML, like Gecko) Chrome/140.0.0.0 Safari/537.36"}', '2025-09-18 00:20:13.751951', '2025-09-18 00:20:13.751951', NULL) ON CONFLICT DO NOTHING;
INSERT INTO public.audit_logs (id, user_id, action, details, created_at, updated_at, details_raw) OVERRIDING SYSTEM VALUE VALUES ('184', '6', 'recruitment_create', 'id=1', '2025-09-18 00:31:53.262753', '2025-09-18 00:31:53.262753', NULL) ON CONFLICT DO NOTHING;

-- Data for public.leave_requests (converted from COPY to INSERT)
INSERT INTO public.leave_requests (id, employee_id, leave_type, start_date, end_date, total_days, status, remarks, created_at, updated_at) OVERRIDING SYSTEM VALUE VALUES ('1', '3', 'sick', '2025-09-12', '2025-09-23', '12.00', 'pending', 'yggh', '2025-09-10 06:24:47.585115', '2025-09-10 06:24:47.585115') ON CONFLICT DO NOTHING;
INSERT INTO public.leave_requests (id, employee_id, leave_type, start_date, end_date, total_days, status, remarks, created_at, updated_at) OVERRIDING SYSTEM VALUE VALUES ('2', '2', 'vacation', '2025-12-25', '2026-01-04', '11.00', 'pending', '', '2025-09-18 00:11:39.333046', '2025-09-18 00:11:39.333046') ON CONFLICT DO NOTHING;

-- Data for public.attendance (converted from COPY to INSERT)
INSERT INTO public.attendance (id, employee_id, date, time_in, time_out, overtime_minutes, status, created_at, updated_at) OVERRIDING SYSTEM VALUE VALUES ('1', '5', '2025-09-12', '07:18:00', '19:18:00', '240', 'present', '2025-09-11 23:18:23.750064', '2025-09-11 23:18:23.750064') ON CONFLICT DO NOTHING;
INSERT INTO public.attendance (id, employee_id, date, time_in, time_out, overtime_minutes, status, created_at, updated_at) OVERRIDING SYSTEM VALUE VALUES ('2', '11', '2025-09-12', '07:18:00', '19:18:00', '240', 'present', '2025-09-11 23:18:56.520338', '2025-09-11 23:18:56.520338') ON CONFLICT DO NOTHING;
INSERT INTO public.attendance (id, employee_id, date, time_in, time_out, overtime_minutes, status, created_at, updated_at) OVERRIDING SYSTEM VALUE VALUES ('3', '2', '2025-09-18', '08:16:00', '20:16:00', '240', 'present', '2025-09-18 00:16:12.235225', '2025-09-18 00:16:12.235225') ON CONFLICT DO NOTHING;

-- Data for public.system_logs (converted from COPY to INSERT)
INSERT INTO public.system_logs (id, code, message, module, file, line, func, context, created_at) OVERRIDING SYSTEM VALUE VALUES ('1', 'DB2901', 'Audit insert failed: SQLSTATE[23503]: Foreign key violation: 7 ERROR:  insert or update on table "audit_logs" violates foreign key constraint "fk_audit_user"\nDETAIL:  Key (user_id)=(5) is not present in table "users".', 'auth', '/app/includes/auth.php', '62', '', '{"action":"logout"}', '2025-09-05 15:38:41.40338') ON CONFLICT DO NOTHING;
INSERT INTO public.system_logs (id, code, message, module, file, line, func, context, created_at) OVERRIDING SYSTEM VALUE VALUES ('2', 'DB2801', 'Employee profile PDF query failed - Unsupported operand types: string - string', 'employees', '/app/modules/employees/pdf_profile.php', '14', '', '{"id":2}', '2025-09-06 08:24:06.377919') ON CONFLICT DO NOTHING;
INSERT INTO public.system_logs (id, code, message, module, file, line, func, context, created_at) OVERRIDING SYSTEM VALUE VALUES ('3', 'EXPORT-CSV', 'Exported leave requests CSV', 'leave', '/app/modules/leave/csv.php', '20', '', '{"status":"","adminView":false,"count":0}', '2025-09-06 22:03:58.644735') ON CONFLICT DO NOTHING;
INSERT INTO public.system_logs (id, code, message, module, file, line, func, context, created_at) OVERRIDING SYSTEM VALUE VALUES ('4', 'DB2412', 'Execute failed: attendance insert - SQLSTATE[22007]: Invalid datetime format: 7 ERROR:  invalid input syntax for type time: ""\nCONTEXT:  unnamed portal parameter $4 = ''''', 'attendance', '/app/modules/attendance/create.php', '39', '', NULL, '2025-09-11 23:17:58.680535') ON CONFLICT DO NOTHING;
INSERT INTO public.system_logs (id, code, message, module, file, line, func, context, created_at) OVERRIDING SYSTEM VALUE VALUES ('5', 'DB2412', 'Execute failed: attendance insert - SQLSTATE[22007]: Invalid datetime format: 7 ERROR:  invalid input syntax for type time: ""\nCONTEXT:  unnamed portal parameter $4 = ''''', 'attendance', '/app/modules/attendance/create.php', '39', '', NULL, '2025-09-18 00:15:30.635868') ON CONFLICT DO NOTHING;
INSERT INTO public.system_logs (id, code, message, module, file, line, func, context, created_at) OVERRIDING SYSTEM VALUE VALUES ('6', 'DB2412', 'Execute failed: attendance insert - SQLSTATE[22007]: Invalid datetime format: 7 ERROR:  invalid input syntax for type time: ""\nCONTEXT:  unnamed portal parameter $4 = ''''', 'attendance', '/app/modules/attendance/create.php', '39', '', NULL, '2025-09-18 00:15:57.876918') ON CONFLICT DO NOTHING;

-- Data for public.access_templates (converted from COPY to INSERT)
INSERT INTO public.access_templates (id, name, description, created_at) OVERRIDING SYSTEM VALUE VALUES ('1', 'Default Employee', 'Basic read access to personal modules', '2025-09-05 15:37:49.890871') ON CONFLICT DO NOTHING;
INSERT INTO public.access_templates (id, name, description, created_at) OVERRIDING SYSTEM VALUE VALUES ('2', 'System Administrator', 'Overlord', '2025-09-06 06:35:06.863732') ON CONFLICT DO NOTHING;
INSERT INTO public.access_templates (id, name, description, created_at) OVERRIDING SYSTEM VALUE VALUES ('4', 'System Administrator Assistant', '', '2025-09-06 06:35:43.540626') ON CONFLICT DO NOTHING;
INSERT INTO public.access_templates (id, name, description, created_at) OVERRIDING SYSTEM VALUE VALUES ('5', 'HR Hiring', '', '2025-09-06 06:36:56.793164') ON CONFLICT DO NOTHING;
INSERT INTO public.access_templates (id, name, description, created_at) OVERRIDING SYSTEM VALUE VALUES ('6', 'IT Employee', '', '2025-09-06 06:37:33.37327') ON CONFLICT DO NOTHING;

-- Data for public.access_template_permissions (converted from COPY to INSERT)
INSERT INTO public.access_template_permissions (template_id, module, level) VALUES ('1', 'employees', 'read') ON CONFLICT DO NOTHING;
INSERT INTO public.access_template_permissions (template_id, module, level) VALUES ('1', 'attendance', 'read') ON CONFLICT DO NOTHING;
INSERT INTO public.access_template_permissions (template_id, module, level) VALUES ('1', 'documents', 'read') ON CONFLICT DO NOTHING;
INSERT INTO public.access_template_permissions (template_id, module, level) VALUES ('2', 'hr', 'admin') ON CONFLICT DO NOTHING;
INSERT INTO public.access_template_permissions (template_id, module, level) VALUES ('2', 'employees', 'admin') ON CONFLICT DO NOTHING;
INSERT INTO public.access_template_permissions (template_id, module, level) VALUES ('2', 'attendance', 'admin') ON CONFLICT DO NOTHING;
INSERT INTO public.access_template_permissions (template_id, module, level) VALUES ('2', 'payroll', 'admin') ON CONFLICT DO NOTHING;
INSERT INTO public.access_template_permissions (template_id, module, level) VALUES ('2', 'recruitment', 'admin') ON CONFLICT DO NOTHING;
INSERT INTO public.access_template_permissions (template_id, module, level) VALUES ('2', 'documents', 'admin') ON CONFLICT DO NOTHING;
INSERT INTO public.access_template_permissions (template_id, module, level) VALUES ('2', 'reports', 'admin') ON CONFLICT DO NOTHING;
INSERT INTO public.access_template_permissions (template_id, module, level) VALUES ('2', 'settings', 'admin') ON CONFLICT DO NOTHING;
INSERT INTO public.access_template_permissions (template_id, module, level) VALUES ('4', 'hr', 'write') ON CONFLICT DO NOTHING;
INSERT INTO public.access_template_permissions (template_id, module, level) VALUES ('4', 'employees', 'write') ON CONFLICT DO NOTHING;
INSERT INTO public.access_template_permissions (template_id, module, level) VALUES ('4', 'attendance', 'write') ON CONFLICT DO NOTHING;
INSERT INTO public.access_template_permissions (template_id, module, level) VALUES ('4', 'payroll', 'write') ON CONFLICT DO NOTHING;
INSERT INTO public.access_template_permissions (template_id, module, level) VALUES ('4', 'recruitment', 'write') ON CONFLICT DO NOTHING;
INSERT INTO public.access_template_permissions (template_id, module, level) VALUES ('4', 'documents', 'write') ON CONFLICT DO NOTHING;
INSERT INTO public.access_template_permissions (template_id, module, level) VALUES ('4', 'reports', 'write') ON CONFLICT DO NOTHING;
INSERT INTO public.access_template_permissions (template_id, module, level) VALUES ('4', 'settings', 'admin') ON CONFLICT DO NOTHING;
INSERT INTO public.access_template_permissions (template_id, module, level) VALUES ('5', 'hr', 'write') ON CONFLICT DO NOTHING;
INSERT INTO public.access_template_permissions (template_id, module, level) VALUES ('5', 'employees', 'write') ON CONFLICT DO NOTHING;
INSERT INTO public.access_template_permissions (template_id, module, level) VALUES ('5', 'attendance', 'read') ON CONFLICT DO NOTHING;
INSERT INTO public.access_template_permissions (template_id, module, level) VALUES ('5', 'payroll', 'write') ON CONFLICT DO NOTHING;
INSERT INTO public.access_template_permissions (template_id, module, level) VALUES ('5', 'recruitment', 'admin') ON CONFLICT DO NOTHING;
INSERT INTO public.access_template_permissions (template_id, module, level) VALUES ('5', 'documents', 'write') ON CONFLICT DO NOTHING;
INSERT INTO public.access_template_permissions (template_id, module, level) VALUES ('5', 'reports', 'write') ON CONFLICT DO NOTHING;
INSERT INTO public.access_template_permissions (template_id, module, level) VALUES ('5', 'settings', 'none') ON CONFLICT DO NOTHING;
INSERT INTO public.access_template_permissions (template_id, module, level) VALUES ('6', 'hr', 'none') ON CONFLICT DO NOTHING;
INSERT INTO public.access_template_permissions (template_id, module, level) VALUES ('6', 'employees', 'none') ON CONFLICT DO NOTHING;
INSERT INTO public.access_template_permissions (template_id, module, level) VALUES ('6', 'attendance', 'none') ON CONFLICT DO NOTHING;
INSERT INTO public.access_template_permissions (template_id, module, level) VALUES ('6', 'payroll', 'none') ON CONFLICT DO NOTHING;
INSERT INTO public.access_template_permissions (template_id, module, level) VALUES ('6', 'recruitment', 'none') ON CONFLICT DO NOTHING;
INSERT INTO public.access_template_permissions (template_id, module, level) VALUES ('6', 'documents', 'none') ON CONFLICT DO NOTHING;
INSERT INTO public.access_template_permissions (template_id, module, level) VALUES ('6', 'reports', 'none') ON CONFLICT DO NOTHING;
INSERT INTO public.access_template_permissions (template_id, module, level) VALUES ('6', 'settings', 'none') ON CONFLICT DO NOTHING;

-- Data for public.user_access_permissions (converted from COPY to INSERT)
INSERT INTO public.user_access_permissions (user_id, module, level, created_at) VALUES ('7', 'recruitment', 'admin', '2025-09-06 08:38:26.015537') ON CONFLICT DO NOTHING;
INSERT INTO public.user_access_permissions (user_id, module, level, created_at) VALUES ('7', 'documents', 'admin', '2025-09-06 08:38:26.015537') ON CONFLICT DO NOTHING;
INSERT INTO public.user_access_permissions (user_id, module, level, created_at) VALUES ('7', 'reports', 'admin', '2025-09-06 08:38:26.015537') ON CONFLICT DO NOTHING;
INSERT INTO public.user_access_permissions (user_id, module, level, created_at) VALUES ('7', 'settings', 'admin', '2025-09-06 08:38:26.015537') ON CONFLICT DO NOTHING;
INSERT INTO public.user_access_permissions (user_id, module, level, created_at) VALUES ('15', 'hr', 'write', '2025-09-06 14:37:31.406841') ON CONFLICT DO NOTHING;
INSERT INTO public.user_access_permissions (user_id, module, level, created_at) VALUES ('15', 'employees', 'write', '2025-09-06 14:37:31.406841') ON CONFLICT DO NOTHING;
INSERT INTO public.user_access_permissions (user_id, module, level, created_at) VALUES ('15', 'attendance', 'write', '2025-09-06 14:37:31.406841') ON CONFLICT DO NOTHING;
INSERT INTO public.user_access_permissions (user_id, module, level, created_at) VALUES ('15', 'payroll', 'write', '2025-09-06 14:37:31.406841') ON CONFLICT DO NOTHING;
INSERT INTO public.user_access_permissions (user_id, module, level, created_at) VALUES ('6', 'payroll', 'write', '2025-09-06 08:25:07.798349') ON CONFLICT DO NOTHING;
INSERT INTO public.user_access_permissions (user_id, module, level, created_at) VALUES ('6', 'recruitment', 'write', '2025-09-06 08:25:07.798349') ON CONFLICT DO NOTHING;
INSERT INTO public.user_access_permissions (user_id, module, level, created_at) VALUES ('6', 'documents', 'write', '2025-09-06 08:25:07.798349') ON CONFLICT DO NOTHING;
INSERT INTO public.user_access_permissions (user_id, module, level, created_at) VALUES ('6', 'reports', 'write', '2025-09-06 08:25:07.798349') ON CONFLICT DO NOTHING;
INSERT INTO public.user_access_permissions (user_id, module, level, created_at) VALUES ('6', 'settings', 'write', '2025-09-06 08:25:07.798349') ON CONFLICT DO NOTHING;
INSERT INTO public.user_access_permissions (user_id, module, level, created_at) VALUES ('5', 'attendance', 'admin', '2025-09-06 06:40:45.960789') ON CONFLICT DO NOTHING;
INSERT INTO public.user_access_permissions (user_id, module, level, created_at) VALUES ('5', 'documents', 'admin', '2025-09-06 06:40:45.960789') ON CONFLICT DO NOTHING;
INSERT INTO public.user_access_permissions (user_id, module, level, created_at) VALUES ('5', 'employees', 'admin', '2025-09-06 06:40:45.960789') ON CONFLICT DO NOTHING;
INSERT INTO public.user_access_permissions (user_id, module, level, created_at) VALUES ('5', 'hr', 'admin', '2025-09-06 06:40:45.960789') ON CONFLICT DO NOTHING;
INSERT INTO public.user_access_permissions (user_id, module, level, created_at) VALUES ('5', 'payroll', 'admin', '2025-09-06 06:40:45.960789') ON CONFLICT DO NOTHING;
INSERT INTO public.user_access_permissions (user_id, module, level, created_at) VALUES ('5', 'recruitment', 'admin', '2025-09-06 06:40:45.960789') ON CONFLICT DO NOTHING;
INSERT INTO public.user_access_permissions (user_id, module, level, created_at) VALUES ('5', 'reports', 'admin', '2025-09-06 06:40:45.960789') ON CONFLICT DO NOTHING;
INSERT INTO public.user_access_permissions (user_id, module, level, created_at) VALUES ('5', 'settings', 'admin', '2025-09-06 06:40:45.960789') ON CONFLICT DO NOTHING;
INSERT INTO public.user_access_permissions (user_id, module, level, created_at) VALUES ('1', 'hr', 'admin', '2025-09-06 07:08:19.140077') ON CONFLICT DO NOTHING;
INSERT INTO public.user_access_permissions (user_id, module, level, created_at) VALUES ('1', 'employees', 'admin', '2025-09-06 07:08:19.140077') ON CONFLICT DO NOTHING;
INSERT INTO public.user_access_permissions (user_id, module, level, created_at) VALUES ('1', 'attendance', 'admin', '2025-09-06 07:08:19.140077') ON CONFLICT DO NOTHING;
INSERT INTO public.user_access_permissions (user_id, module, level, created_at) VALUES ('1', 'payroll', 'admin', '2025-09-06 07:08:19.140077') ON CONFLICT DO NOTHING;
INSERT INTO public.user_access_permissions (user_id, module, level, created_at) VALUES ('1', 'recruitment', 'admin', '2025-09-06 07:08:19.140077') ON CONFLICT DO NOTHING;
INSERT INTO public.user_access_permissions (user_id, module, level, created_at) VALUES ('1', 'documents', 'admin', '2025-09-06 07:08:19.140077') ON CONFLICT DO NOTHING;
INSERT INTO public.user_access_permissions (user_id, module, level, created_at) VALUES ('1', 'reports', 'admin', '2025-09-06 07:08:19.140077') ON CONFLICT DO NOTHING;
INSERT INTO public.user_access_permissions (user_id, module, level, created_at) VALUES ('1', 'settings', 'admin', '2025-09-06 07:08:19.140077') ON CONFLICT DO NOTHING;
INSERT INTO public.user_access_permissions (user_id, module, level, created_at) VALUES ('8', 'hr', 'none', '2025-09-06 14:27:21.564108') ON CONFLICT DO NOTHING;
INSERT INTO public.user_access_permissions (user_id, module, level, created_at) VALUES ('8', 'employees', 'none', '2025-09-06 14:27:21.564108') ON CONFLICT DO NOTHING;
INSERT INTO public.user_access_permissions (user_id, module, level, created_at) VALUES ('8', 'attendance', 'none', '2025-09-06 14:27:21.564108') ON CONFLICT DO NOTHING;
INSERT INTO public.user_access_permissions (user_id, module, level, created_at) VALUES ('8', 'payroll', 'none', '2025-09-06 14:27:21.564108') ON CONFLICT DO NOTHING;
INSERT INTO public.user_access_permissions (user_id, module, level, created_at) VALUES ('8', 'recruitment', 'none', '2025-09-06 14:27:21.564108') ON CONFLICT DO NOTHING;
INSERT INTO public.user_access_permissions (user_id, module, level, created_at) VALUES ('8', 'documents', 'none', '2025-09-06 14:27:21.564108') ON CONFLICT DO NOTHING;
INSERT INTO public.user_access_permissions (user_id, module, level, created_at) VALUES ('8', 'reports', 'none', '2025-09-06 14:27:21.564108') ON CONFLICT DO NOTHING;
INSERT INTO public.user_access_permissions (user_id, module, level, created_at) VALUES ('8', 'settings', 'none', '2025-09-06 14:27:21.564108') ON CONFLICT DO NOTHING;
INSERT INTO public.user_access_permissions (user_id, module, level, created_at) VALUES ('9', 'hr', 'none', '2025-09-06 14:28:13.374294') ON CONFLICT DO NOTHING;
INSERT INTO public.user_access_permissions (user_id, module, level, created_at) VALUES ('9', 'employees', 'none', '2025-09-06 14:28:13.374294') ON CONFLICT DO NOTHING;
INSERT INTO public.user_access_permissions (user_id, module, level, created_at) VALUES ('9', 'attendance', 'none', '2025-09-06 14:28:13.374294') ON CONFLICT DO NOTHING;
INSERT INTO public.user_access_permissions (user_id, module, level, created_at) VALUES ('9', 'payroll', 'none', '2025-09-06 14:28:13.374294') ON CONFLICT DO NOTHING;
INSERT INTO public.user_access_permissions (user_id, module, level, created_at) VALUES ('9', 'recruitment', 'none', '2025-09-06 14:28:13.374294') ON CONFLICT DO NOTHING;
INSERT INTO public.user_access_permissions (user_id, module, level, created_at) VALUES ('9', 'documents', 'none', '2025-09-06 14:28:13.374294') ON CONFLICT DO NOTHING;
INSERT INTO public.user_access_permissions (user_id, module, level, created_at) VALUES ('9', 'reports', 'none', '2025-09-06 14:28:13.374294') ON CONFLICT DO NOTHING;
INSERT INTO public.user_access_permissions (user_id, module, level, created_at) VALUES ('9', 'settings', 'none', '2025-09-06 14:28:13.374294') ON CONFLICT DO NOTHING;
INSERT INTO public.user_access_permissions (user_id, module, level, created_at) VALUES ('10', 'hr', 'none', '2025-09-06 14:29:28.515009') ON CONFLICT DO NOTHING;
INSERT INTO public.user_access_permissions (user_id, module, level, created_at) VALUES ('10', 'employees', 'none', '2025-09-06 14:29:28.515009') ON CONFLICT DO NOTHING;
INSERT INTO public.user_access_permissions (user_id, module, level, created_at) VALUES ('10', 'attendance', 'none', '2025-09-06 14:29:28.515009') ON CONFLICT DO NOTHING;
INSERT INTO public.user_access_permissions (user_id, module, level, created_at) VALUES ('10', 'payroll', 'none', '2025-09-06 14:29:28.515009') ON CONFLICT DO NOTHING;
INSERT INTO public.user_access_permissions (user_id, module, level, created_at) VALUES ('10', 'recruitment', 'none', '2025-09-06 14:29:28.515009') ON CONFLICT DO NOTHING;
INSERT INTO public.user_access_permissions (user_id, module, level, created_at) VALUES ('10', 'documents', 'none', '2025-09-06 14:29:28.515009') ON CONFLICT DO NOTHING;
INSERT INTO public.user_access_permissions (user_id, module, level, created_at) VALUES ('10', 'reports', 'none', '2025-09-06 14:29:28.515009') ON CONFLICT DO NOTHING;
INSERT INTO public.user_access_permissions (user_id, module, level, created_at) VALUES ('10', 'settings', 'none', '2025-09-06 14:29:28.515009') ON CONFLICT DO NOTHING;
INSERT INTO public.user_access_permissions (user_id, module, level, created_at) VALUES ('11', 'hr', 'none', '2025-09-06 14:32:19.779705') ON CONFLICT DO NOTHING;
INSERT INTO public.user_access_permissions (user_id, module, level, created_at) VALUES ('11', 'employees', 'none', '2025-09-06 14:32:19.779705') ON CONFLICT DO NOTHING;
INSERT INTO public.user_access_permissions (user_id, module, level, created_at) VALUES ('11', 'attendance', 'none', '2025-09-06 14:32:19.779705') ON CONFLICT DO NOTHING;
INSERT INTO public.user_access_permissions (user_id, module, level, created_at) VALUES ('11', 'payroll', 'none', '2025-09-06 14:32:19.779705') ON CONFLICT DO NOTHING;
INSERT INTO public.user_access_permissions (user_id, module, level, created_at) VALUES ('11', 'recruitment', 'none', '2025-09-06 14:32:19.779705') ON CONFLICT DO NOTHING;
INSERT INTO public.user_access_permissions (user_id, module, level, created_at) VALUES ('11', 'documents', 'none', '2025-09-06 14:32:19.779705') ON CONFLICT DO NOTHING;
INSERT INTO public.user_access_permissions (user_id, module, level, created_at) VALUES ('11', 'reports', 'none', '2025-09-06 14:32:19.779705') ON CONFLICT DO NOTHING;
INSERT INTO public.user_access_permissions (user_id, module, level, created_at) VALUES ('11', 'settings', 'none', '2025-09-06 14:32:19.779705') ON CONFLICT DO NOTHING;
INSERT INTO public.user_access_permissions (user_id, module, level, created_at) VALUES ('12', 'hr', 'none', '2025-09-06 14:34:10.057212') ON CONFLICT DO NOTHING;
INSERT INTO public.user_access_permissions (user_id, module, level, created_at) VALUES ('12', 'employees', 'none', '2025-09-06 14:34:10.057212') ON CONFLICT DO NOTHING;
INSERT INTO public.user_access_permissions (user_id, module, level, created_at) VALUES ('12', 'attendance', 'none', '2025-09-06 14:34:10.057212') ON CONFLICT DO NOTHING;
INSERT INTO public.user_access_permissions (user_id, module, level, created_at) VALUES ('12', 'payroll', 'none', '2025-09-06 14:34:10.057212') ON CONFLICT DO NOTHING;
INSERT INTO public.user_access_permissions (user_id, module, level, created_at) VALUES ('12', 'recruitment', 'none', '2025-09-06 14:34:10.057212') ON CONFLICT DO NOTHING;
INSERT INTO public.user_access_permissions (user_id, module, level, created_at) VALUES ('12', 'documents', 'none', '2025-09-06 14:34:10.057212') ON CONFLICT DO NOTHING;
INSERT INTO public.user_access_permissions (user_id, module, level, created_at) VALUES ('12', 'reports', 'none', '2025-09-06 14:34:10.057212') ON CONFLICT DO NOTHING;
INSERT INTO public.user_access_permissions (user_id, module, level, created_at) VALUES ('12', 'settings', 'none', '2025-09-06 14:34:10.057212') ON CONFLICT DO NOTHING;
INSERT INTO public.user_access_permissions (user_id, module, level, created_at) VALUES ('13', 'hr', 'none', '2025-09-06 14:35:08.83682') ON CONFLICT DO NOTHING;
INSERT INTO public.user_access_permissions (user_id, module, level, created_at) VALUES ('13', 'employees', 'none', '2025-09-06 14:35:08.83682') ON CONFLICT DO NOTHING;
INSERT INTO public.user_access_permissions (user_id, module, level, created_at) VALUES ('13', 'attendance', 'none', '2025-09-06 14:35:08.83682') ON CONFLICT DO NOTHING;
INSERT INTO public.user_access_permissions (user_id, module, level, created_at) VALUES ('13', 'payroll', 'none', '2025-09-06 14:35:08.83682') ON CONFLICT DO NOTHING;
INSERT INTO public.user_access_permissions (user_id, module, level, created_at) VALUES ('13', 'recruitment', 'none', '2025-09-06 14:35:08.83682') ON CONFLICT DO NOTHING;
INSERT INTO public.user_access_permissions (user_id, module, level, created_at) VALUES ('13', 'documents', 'none', '2025-09-06 14:35:08.83682') ON CONFLICT DO NOTHING;
INSERT INTO public.user_access_permissions (user_id, module, level, created_at) VALUES ('13', 'reports', 'none', '2025-09-06 14:35:08.83682') ON CONFLICT DO NOTHING;
INSERT INTO public.user_access_permissions (user_id, module, level, created_at) VALUES ('13', 'settings', 'none', '2025-09-06 14:35:08.83682') ON CONFLICT DO NOTHING;
INSERT INTO public.user_access_permissions (user_id, module, level, created_at) VALUES ('14', 'hr', 'none', '2025-09-06 14:36:18.128757') ON CONFLICT DO NOTHING;
INSERT INTO public.user_access_permissions (user_id, module, level, created_at) VALUES ('14', 'employees', 'none', '2025-09-06 14:36:18.128757') ON CONFLICT DO NOTHING;
INSERT INTO public.user_access_permissions (user_id, module, level, created_at) VALUES ('14', 'attendance', 'none', '2025-09-06 14:36:18.128757') ON CONFLICT DO NOTHING;
INSERT INTO public.user_access_permissions (user_id, module, level, created_at) VALUES ('14', 'payroll', 'none', '2025-09-06 14:36:18.128757') ON CONFLICT DO NOTHING;
INSERT INTO public.user_access_permissions (user_id, module, level, created_at) VALUES ('14', 'recruitment', 'none', '2025-09-06 14:36:18.128757') ON CONFLICT DO NOTHING;
INSERT INTO public.user_access_permissions (user_id, module, level, created_at) VALUES ('14', 'documents', 'none', '2025-09-06 14:36:18.128757') ON CONFLICT DO NOTHING;
INSERT INTO public.user_access_permissions (user_id, module, level, created_at) VALUES ('14', 'reports', 'none', '2025-09-06 14:36:18.128757') ON CONFLICT DO NOTHING;
INSERT INTO public.user_access_permissions (user_id, module, level, created_at) VALUES ('14', 'settings', 'none', '2025-09-06 14:36:18.128757') ON CONFLICT DO NOTHING;
INSERT INTO public.user_access_permissions (user_id, module, level, created_at) VALUES ('7', 'hr', 'admin', '2025-09-06 08:38:26.015537') ON CONFLICT DO NOTHING;
INSERT INTO public.user_access_permissions (user_id, module, level, created_at) VALUES ('7', 'employees', 'admin', '2025-09-06 08:38:26.015537') ON CONFLICT DO NOTHING;
INSERT INTO public.user_access_permissions (user_id, module, level, created_at) VALUES ('7', 'attendance', 'admin', '2025-09-06 08:38:26.015537') ON CONFLICT DO NOTHING;
INSERT INTO public.user_access_permissions (user_id, module, level, created_at) VALUES ('7', 'payroll', 'admin', '2025-09-06 08:38:26.015537') ON CONFLICT DO NOTHING;
INSERT INTO public.user_access_permissions (user_id, module, level, created_at) VALUES ('15', 'recruitment', 'write', '2025-09-06 14:37:31.406841') ON CONFLICT DO NOTHING;
INSERT INTO public.user_access_permissions (user_id, module, level, created_at) VALUES ('15', 'documents', 'write', '2025-09-06 14:37:31.406841') ON CONFLICT DO NOTHING;
INSERT INTO public.user_access_permissions (user_id, module, level, created_at) VALUES ('15', 'reports', 'write', '2025-09-06 14:37:31.406841') ON CONFLICT DO NOTHING;
INSERT INTO public.user_access_permissions (user_id, module, level, created_at) VALUES ('15', 'settings', 'write', '2025-09-06 14:37:31.406841') ON CONFLICT DO NOTHING;
INSERT INTO public.user_access_permissions (user_id, module, level, created_at) VALUES ('6', 'hr', 'write', '2025-09-06 08:25:07.798349') ON CONFLICT DO NOTHING;
INSERT INTO public.user_access_permissions (user_id, module, level, created_at) VALUES ('6', 'employees', 'write', '2025-09-06 08:25:07.798349') ON CONFLICT DO NOTHING;
INSERT INTO public.user_access_permissions (user_id, module, level, created_at) VALUES ('6', 'attendance', 'admin', '2025-09-06 08:25:07.798349') ON CONFLICT DO NOTHING;

-- Data for public.users_backup (converted from COPY to INSERT)
INSERT INTO public.users_backup (id, email, password_hash, full_name, role, status, last_login, created_at, updated_at) OVERRIDING SYSTEM VALUE VALUES ('3', 'try@gmail.com', '$2y$12$N4Gyle7kP6Mwx73ioiiim.LzFiqSgXMhfNOanFLbcqSZyv0DpxICe', 'Try', 'employee', 'active', NULL, '2025-09-05 16:21:34.64546', '2025-09-05 16:21:34.64546') ON CONFLICT DO NOTHING;
INSERT INTO public.users_backup (id, email, password_hash, full_name, role, status, last_login, created_at, updated_at) OVERRIDING SYSTEM VALUE VALUES ('4', 'test@gmail.com', '$2y$12$tBQSne1/592tfOLL1vggFO05QEt8vQVpp8wPU0ZW6TbT4.y0trxse', 'try', 'employee', 'active', NULL, '2025-09-05 16:27:08.528742', '2025-09-05 16:27:08.528742') ON CONFLICT DO NOTHING;

-- Sequence positions
SELECT pg_catalog.setval('public.access_templates_id_seq', 7, true);
SELECT pg_catalog.setval('public.action_reversals_id_seq', 1, false);
SELECT pg_catalog.setval('public.attendance_id_seq', 3, true);
SELECT pg_catalog.setval('public.audit_logs_id_seq', 184, true);
SELECT pg_catalog.setval('public.departments_backup_id_seq', 1, false);
SELECT pg_catalog.setval('public.departments_id_seq', 5, true);
SELECT pg_catalog.setval('public.document_assignments_id_seq', 1, false);
SELECT pg_catalog.setval('public.documents_id_seq', 1, false);
SELECT pg_catalog.setval('public.employees_backup_id_seq', 1, false);
SELECT pg_catalog.setval('public.employees_id_seq', 11, true);
SELECT pg_catalog.setval('public.leave_request_actions_id_seq', 1, false);
SELECT pg_catalog.setval('public.leave_requests_backup_id_seq', 1, false);
SELECT pg_catalog.setval('public.leave_requests_id_seq', 2, true);
SELECT pg_catalog.setval('public.notifications_id_seq', 1, false);
SELECT pg_catalog.setval('public.payroll_backup_id_seq', 1, false);
SELECT pg_catalog.setval('public.payroll_id_seq', 1, false);
SELECT pg_catalog.setval('public.payroll_periods_id_seq', 1, false);
SELECT pg_catalog.setval('public.pdf_templates_id_seq', 1, false);
SELECT pg_catalog.setval('public.performance_reviews_id_seq', 1, false);
SELECT pg_catalog.setval('public.positions_backup_id_seq', 1, false);
SELECT pg_catalog.setval('public.positions_id_seq', 5, true);
SELECT pg_catalog.setval('public.recruitment_files_id_seq', 1, false);
SELECT pg_catalog.setval('public.recruitment_id_seq', 1, true);
SELECT pg_catalog.setval('public.recruitment_templates_id_seq', 1, false);
SELECT pg_catalog.setval('public.system_logs_id_seq', 6, true);
SELECT pg_catalog.setval('public.users_backup_id_seq', 1, false);
SELECT pg_catalog.setval('public.users_id_seq', 15, true);
COMMIT;
